-0.16270827,-0.15812304,-0.11685596,-0.12602642,-0.10310026,-0.13978211,-0.098515036,-0.13061165,-0.12144119,-0.16270827,-0.13978211,-0.15812304,-0.13978211,-0.16270827,-0.14895257,-0.19480489,-0.16270827,-0.1810492,-0.16729351,-0.17187874,-0.16729351,-0.16729351,-0.15812304,-0.17646397,-0.17187874,-0.15812304,-0.13978211,-0.17187874,-0.14436734,-0.15812304,-0.13061165,-0.15812304,-0.11227073,-0.057247957,0.02070097,0.075723742,0.080308974,0.039041895,-0.098515036,-0.15812304,-0.19480489,-0.25899812,-0.19021966,-0.25441289,-0.23148674,-0.27275381,-0.23607197,-0.25441289,-0.23607197,-0.22231628,-0.19939012,-0.20397535,0.016115739,1.7447479,0.58009916,-2.0288973,-4.6516494,-5.7566901,-4.0922513,-2.4553238,-1.1760444,-0.49743013,-0.24524243,-0.16729351,-0.061833187,-0.015980877,-0.011395647,0.029871433,0.084894205,0.14908744,0.22245113,0.29581483,0.38751945,0.51590592,0.6901447,0.92399148,1.2036906,1.510901,1.8777195,2.166589,2.4462882,2.6113565,2.6480383,2.4279473,1.9785946,1.391685,0.87355394,0.50673546,0.23620683,0.071138511,0.011530509,-0.038907032,-0.066418418,-0.034321802,-0.029736571,-0.029736571,-0.048077495,0.034456664,0.039041895,0.048212356,0.048212356,0.06196805,0.048212356,0.080308974,0.06196805,0.052797587,0.016115739,0.039041895,0.02070097,-0.02515134,-0.0022251846,-0.020566109,-0.029736571,-0.020566109,-0.057247957,0.011530509,0.0069452774,-0.020566109,-0.0068104156,0.0023600464,0.0023600464,-0.011395647,0.0023600464,0.011530509,0.016115739,0.039041895,0.0069452774,0.011530509,0.025286201,0.057382819,0.13074652,0.18118406,0.22245113,0.2178659,0.24079206,0.075723742
-0.25783111,-0.24117512,-0.19953514,-0.19537114,-0.17038714,-0.14540316,-0.14123916,-0.13707515,-0.13291116,-0.12874716,-0.15373115,-0.16205915,-0.15789515,-0.15789515,-0.17038714,-0.17455114,-0.19537114,-0.18704315,-0.19537114,-0.18704315,-0.23701113,-0.22868313,-0.19120714,-0.19537114,-0.20786313,-0.19953514,-0.21202713,-0.19120714,-0.20369914,-0.18704315,-0.19537114,-0.20369914,-0.19953514,-0.18704315,-0.062123184,-0.012155201,0.021156788,0.083616767,0.11276475,-0.016319199,-0.14123916,-0.23701113,-0.22868313,-0.22868313,-0.28281511,-0.28281511,-0.28281511,-0.27032312,-0.24117512,-0.23284713,-0.25366712,-0.20786313,-0.20369914,-0.11625517,1.1829124,1.9865642,-0.3077991,-3.9429699,-6.2498251,-5.0214455,-3.0685302,-1.5694907,-0.66173898,-0.27865111,-0.14956716,-0.041303191,-0.016319199,0.016992789,0.062796774,0.083616767,0.13774875,0.18355273,0.24601272,0.37093267,0.47086864,0.59995259,0.83730051,1.0205165,1.2828483,1.5535082,1.8200042,2.0323681,2.198928,2.2155841,2.1156481,1.7617082,1.3244883,0.94972847,0.5749686,0.32512868,0.22519272,0.15440474,0.10443676,0.091944764,0.071124771,0.062796774,0.10027276,0.12525676,0.12525676,0.13774875,0.14191275,0.17938873,0.12942075,0.17938873,0.17522474,0.16273274,0.14191275,0.14607674,0.14191275,0.10860075,0.11276475,0.12525676,0.096108762,0.083616767,0.050304778,0.071124771,0.066960773,0.071124771,0.058632776,0.037812783,0.033648784,0.07528877,0.04614078,0.066960773,0.016992789,0.029484785,0.071124771,0.07528877,0.050304778,0.15024074,0.18355273,0.21686472,0.23768471,0.31263669,0.23768471,0.083616767
-0.00048290501,0.034880601,-0.025742553,0.034880601,0.029828672,-0.0055348345,0.0096209542,-0.0055348345,0.029828672,-0.06110606,-0.010586764,-0.020690623,-0.06110606,-0.06615799,-0.081313778,-0.081313778,-0.076261849,-0.045950271,-0.076261849,-0.1015215,-0.11667729,-0.05605413,-0.11162536,-0.071209919,-0.14698886,-0.1520408,-0.076261849,-0.035846412,-0.11667729,0.029828672,0.080347968,0.090451827,0.10560762,0.2571655,0.18138656,-0.010586764,-0.19245622,-0.13183307,-0.21266395,-0.19245622,-0.21771588,-0.24802746,-0.24297552,-0.23287166,-0.17730044,-0.19245622,-0.18235237,-0.13183307,-0.086365708,1.0755781,3.4398811,2.3991836,-1.9858912,-6.2497198,-5.8607212,-3.8298455,-2.142501,-0.92498602,-0.42989691,-0.19750815,-0.14193693,-0.081313778,-0.025742553,-0.0055348345,0.039932532,0.070244109,0.11065955,0.14602306,0.19654235,0.3076848,0.41377532,0.51986583,0.72194302,0.91391635,1.1159935,1.3332265,1.4443689,1.5454076,1.5201479,1.4494209,1.2321879,0.94927985,0.71183916,0.51481391,0.31273673,0.19654235,0.15612691,0.075296038,0.039932532,0.1207634,0.039932532,0.06014025,0.065192179,0.11065955,0.10560762,0.13591919,0.13086726,0.14097113,0.1207634,0.13591919,0.12581533,0.12581533,0.10560762,0.095503756,0.075296038,0.065192179,0.034880601,0.039932532,0.06014025,0.0096209542,0.014672883,0.0096209542,-0.0055348345,-0.020690623,-0.035846412,-0.020690623,-0.025742553,-0.015638694,-0.045950271,-0.071209919,-0.081313778,-0.025742553,-0.040898341,-0.040898341,-0.035846412,0.095503756,0.12581533,0.16117884,0.23190585,0.31273673,0.16623077,0.044984461,-0.06110606,-0.10657343,-0.14193693,-0.19750815
-0.086523138,-0.09592933,-0.086523138,-0.067710753,-0.05830456,-0.063007657,-0.034789079,-0.05830456,-0.072413849,-0.086523138,-0.09592933,-0.10533552,-0.10063243,-0.128851,-0.15706958,-0.128851,-0.1335541,-0.18058506,-0.128851,-0.17117887,-0.14766339,-0.18528816,-0.15236648,-0.18058506,-0.12414791,-0.20410054,-0.19939744,-0.21350674,-0.21820984,-0.21350674,-0.19469435,-0.21820984,-0.19469435,-0.15706958,-0.072413849,-0.034789079,0.040460461,-0.011273598,0.007538787,-0.15236648,-0.20880364,-0.29345937,-0.33578724,-0.30756866,-0.33108414,-0.30756866,-0.30756866,-0.31697485,-0.30286556,-0.29816247,-0.24172532,-0.2652408,-0.2558346,-0.0065705017,1.7335751,0.31324005,-2.2217288,-4.7237761,-5.6502859,-3.9947961,-2.4427744,-1.1682353,-0.5098018,-0.29816247,-0.17117887,-0.1335541,-0.063007657,-0.025382887,0.035757365,0.068679037,0.12981928,0.20506883,0.28502147,0.35556791,0.52017628,0.69889393,0.94815803,1.2115314,1.5266389,1.874668,2.2085878,2.4484457,2.6271634,2.6271634,2.4437426,1.9687299,1.3949522,0.8587992,0.4919577,0.2379905,0.1204131,0.021648076,0.007538787,-0.044195272,-0.034789079,-0.0065705017,-0.011273598,0.007538787,0.035757365,0.040460461,0.082788326,0.073382134,0.096897615,0.059272846,0.10160072,0.068679037,0.07808523,0.035757365,0.059272846,0.040460461,0.059272846,0.035757365,0.049866653,0.0028356907,0.035757365,0.01694498,0.031054268,0.026351172,0.031054268,0.031054268,0.040460461,0.021648076,0.026351172,0.040460461,0.059272846,0.026351172,0.05456975,0.040460461,0.068679037,0.040460461,0.087491422,0.14392858,0.22388121,0.28031837,0.28502147,0.2426936
0.12383791,0.16293453,0.19334302,0.20203116,0.18899895,0.19334302,0.2237515,0.20637523,0.19334302,0.17596674,0.18031081,0.16293453,0.14990233,0.14555826,0.084741292,0.097773497,0.093429429,0.084741292,0.067365013,0.063020944,0.076053151,0.058676874,0.036956529,0.023924322,0.045644667,0.015236183,-0.0064841626,0.019580252,0.041300598,0.015236183,0.010892114,0.041300598,0.076053151,0.16293453,0.19334302,0.24981592,0.25850406,0.28891253,0.071709082,-0.041236716,-0.028204508,-0.1411503,-0.075989269,-0.1411503,-0.1281181,-0.12377403,-0.1281181,-0.11942996,-0.12377403,-0.11074182,-0.093365546,-0.089021476,0.6755347,2.1959589,0.94052291,-2.4435069,-5.7059028,-5.901386,-3.7814802,-2.1481103,-0.94045903,-0.38876225,-0.21499948,-0.089021476,-0.041236716,0.0065480452,0.045644667,0.071709082,0.12818198,0.18031081,0.20637523,0.2802244,0.42357868,0.52783634,0.70159911,0.91011443,1.131662,1.4574671,1.700735,1.9483469,2.1525182,2.2003029,2.1481741,1.8788418,1.4183705,0.95789919,0.54955668,0.30628882,0.14121419,-0.0064841626,-0.0021400934,-0.093365546,-0.0716452,-0.10639775,-0.089021476,-0.13680623,-0.062957061,-0.080333338,-0.01951637,-0.023860439,-0.041236716,-0.036892646,-0.01951637,-0.045580785,-0.0716452,-0.080333338,-0.093365546,-0.17590286,-0.1411503,-0.14983845,-0.15418252,-0.18024693,-0.21499948,-0.20631135,-0.21934355,-0.21065541,-0.18024693,-0.26712831,-0.23237576,-0.25409611,-0.23671982,-0.21065541,-0.23237576,-0.24106389,-0.24540796,-0.26278424,-0.23671982,-0.11074182,-0.0716452,-0.080333338,0.010892114,-0.062957061,-0.1976232,-0.31925714,-0.38876225,-0.40613852
-0.12961342,-0.10286467,-0.12069717,-0.085032176,-0.12069717,-0.10286467,-0.12961342,-0.12069717,-0.11178092,-0.10286467,-0.13852967,-0.12961342,-0.17419466,-0.093948423,-0.14744591,-0.15636217,-0.15636217,-0.21877592,-0.24552466,-0.16527842,-0.19202717,-0.21877592,-0.20985966,-0.23660841,-0.27227341,-0.24552466,-0.25444091,-0.23660841,-0.25444091,-0.28118965,-0.29902216,-0.25444091,-0.24552466,-0.20094341,-0.040450925,0.03979532,0.013046572,-0.25444091,-0.53976089,-0.62892339,-0.59325839,-0.53976089,-0.53084464,-0.29902216,-0.35251966,-0.33468715,-0.3436034,-0.25444091,-0.24552466,-0.21877592,-0.20985966,-0.23660841,-0.16527842,0.44102654,0.60151903,-2.9917295,-5.5774418,-5.9519243,-4.2935019,-2.6796608,-1.7256221,-0.77158337,-0.31685465,-0.12069717,-0.040450925,0.048711569,0.12895781,0.075460317,0.013046572,0.048711569,0.13787406,0.17353906,0.25378531,0.20920406,0.3251153,0.41427779,0.50344029,0.69068153,0.81550901,1.0562478,1.1899915,1.3772328,1.4753114,1.3950652,1.4307302,1.1810753,0.82442527,0.56585403,0.28945031,0.20028781,0.12004157,0.12004157,0.048711569,0.12895781,0.21812031,0.17353906,0.18245531,0.17353906,0.2716178,0.24486905,0.28945031,0.25378531,0.3251153,0.36969655,0.42319405,0.36969655,0.43211029,0.49452404,0.41427779,0.42319405,0.38752905,0.45885904,0.46777529,0.47669154,0.43211029,0.50344029,0.51235653,0.53018904,0.48560779,0.53910528,0.52127279,0.58368654,0.61935153,0.61935153,0.58368654,0.58368654,0.63718403,0.67284902,0.69959777,0.88683901,0.87792276,0.92250401,0.67284902,0.53018904,0.38752905,0.42319405
-0.011263641,0.0040549126,0.014267282,0.019373466,-0.0061574563,0.0091610976,0.0040549126,-0.016369825,-0.047006933,-0.031688378,-0.057219301,-0.062325486,-0.062325486,-0.06743167,-0.092962593,-0.082750224,-0.077644039,-0.077644039,-0.098068777,-0.087856409,-0.077644039,-0.077644039,-0.082750224,-0.062325486,-0.06743167,-0.057219301,-0.062325486,-0.10828115,-0.10828115,0.060222942,0.11639097,0.13681571,0.172559,0.2083023,0.15724044,-0.031688378,-0.10828115,-0.13381207,-0.15423681,-0.23082957,-0.25125432,-0.23082957,-0.25125432,-0.23593576,-0.23593576,-0.20529865,-0.20019246,-0.16955536,-0.02147601,1.4593174,3.4711542,1.6635649,-3.0902929,-6.5880293,-5.5055182,-3.4834691,-1.8494901,-0.79250987,-0.42486458,-0.24614813,-0.17466154,-0.13381207,-0.1235997,-0.0061574563,-0.011263641,0.050010574,0.11128479,0.13681571,0.23383322,0.3053198,0.42276204,0.58105376,0.76998259,0.9640176,1.1478402,1.3418752,1.4593174,1.5308041,1.4848484,1.4082557,1.1580526,0.88231865,0.6014785,0.41765586,0.25425795,0.17766519,0.11128479,0.08064768,0.055116758,0.050010574,0.050010574,0.09086005,0.09086005,0.1061786,0.13681571,0.15213427,0.16745282,0.15213427,0.14192189,0.19808992,0.15724044,0.16745282,0.15213427,0.14702808,0.13681571,0.11639097,0.09086005,0.085753864,0.070435311,0.055116758,0.044904388,0.039798204,0.029585835,0.0091610976,-0.0061574563,0.0040549126,-0.016369825,-0.0010512718,0.014267282,-0.011263641,-0.0061574563,-0.016369825,-0.011263641,0.039798204,0.11128479,0.18787755,0.21851466,0.2695765,0.35638164,0.11639097,0.070435311,-0.062325486,-0.11338733,-0.10317496,-0.17976773,-0.21040484
0.20594721,0.22487529,0.2296073,0.20594721,0.18228712,0.16809105,0.15862701,0.14443096,0.12550288,0.092378753,0.097110767,0.068718658,0.063986639,0.045058563,0.049790581,0.026130487,0.030862506,0.021398468,0.0024703923,-0.021189703,0.016666449,0.0072024112,-0.0022616267,-0.011725665,0.0024703923,-0.03065374,-0.0069936457,-0.016457684,0.0024703923,-0.03065374,-0.016457684,0.054522601,0.13023491,0.18228712,0.13496692,0.153895,-0.0022616267,-0.10163403,-0.16788229,-0.2199345,-0.19154238,-0.2199345,-0.23413056,-0.22939854,-0.2199345,-0.18207835,-0.22939854,-0.21047046,-0.19154238,-0.19154238,0.49933238,1.8337617,-0.23886257,-2.7941528,-5.2879269,-5.590776,-3.5370798,-2.098546,-0.93446936,-0.44707141,-0.23886257,-0.15368624,-0.082705949,-0.092169987,-0.021189703,0.021398468,0.049790581,0.11130683,0.17755509,0.25799942,0.34317576,0.50879642,0.73120132,0.97253428,1.2706514,1.5735007,1.9425982,2.2028593,2.4631202,2.5956168,2.5766888,2.2785715,1.7580494,1.1807431,0.70754121,0.33844374,0.10657481,-0.0022616267,-0.082705949,-0.10636604,-0.087437968,-0.096902006,-0.11583008,-0.10636604,-0.03538576,-0.059045855,-0.054313835,-0.03065374,-0.0069936457,-0.03065374,-0.016457684,-0.021189703,-0.0069936457,-0.054313835,-0.059045855,-0.049581817,-0.07797393,-0.11109807,-0.10636604,-0.10163403,-0.11583008,-0.1442222,-0.14895421,-0.1442222,-0.15368624,-0.15841825,-0.1442222,-0.16315027,-0.16315027,-0.16788229,-0.16315027,-0.18207835,-0.18207835,-0.20100642,-0.16315027,-0.18207835,-0.17261431,-0.07797393,-0.021189703,0.021398468,0.035594525,0.01193443,-0.073241911,-0.19627441,-0.31457488,-0.30037882
0.073134857,0.086041008,0.10324921,0.073134857,0.10324921,0.094645109,0.081738958,0.064530756,0.051624605,0.055926655,0.038718454,0.012906151,0.0086041014,0.0086041014,-0.021510251,-0.021510251,-0.034416402,-0.038718452,-0.038718452,-0.047322553,-0.038718452,-0.060228705,-0.047322553,-0.025812301,-0.064530755,-0.047322553,-0.090343057,-0.086041007,6.4602361e-10,0.086041008,0.13336356,0.17638406,0.17638406,0.21940457,0.0086041014,-0.10755126,-0.10324921,-0.20649842,-0.16347792,-0.21080047,-0.20219637,-0.19789431,-0.19789431,-0.16777996,-0.18498816,-0.17208201,-0.15917587,-0.15917587,0.62809936,2.1037026,0.83029572,-2.3704298,-5.5883634,-5.8981111,-3.7728982,-2.1854416,-0.96365928,-0.43020504,-0.22800866,-0.15487381,-0.068832806,-0.047322553,0.060228706,0.055926655,0.11185331,0.14626971,0.23661277,0.31404968,0.42590299,0.5721727,0.73995267,0.94645108,1.2217823,1.5272279,1.8111632,2.0391719,2.2327641,2.301597,2.2413682,1.9402247,1.5014156,1.0066798,0.61519321,0.35707018,0.17638406,0.10324921,0.012906151,-0.021510251,-0.025812301,-0.034416402,-0.047322553,-0.038718452,6.4602361e-10,0.030114353,0.038718454,0.025812303,0.030114353,0.060228706,0.043020504,0.030114353,0.012906151,0.017208203,6.4602361e-10,-0.012906151,-0.017208201,-0.077436906,-0.064530755,-0.068832806,-0.077436906,-0.094645107,-0.098947156,-0.086041007,-0.10324921,-0.12475946,-0.13766561,-0.11615535,-0.14626972,-0.16777996,-0.14196766,-0.12045741,-0.14626972,-0.15057176,-0.12045741,-0.086041007,6.4602361e-10,0.030114353,0.086041008,0.094645109,0.12475946,-0.090343057,-0.20219637,-0.18929022,-0.30114353,-0.23661277,-0.30114353,-0.28823738
-0.30177846,-0.27533395,-0.31940812,-0.29296362,-0.32822296,-0.31059328,-0.30177846,-0.27533395,-0.27533395,-0.20481527,-0.28414879,-0.25770428,-0.26651911,-0.24888944,-0.27533395,-0.24888944,-0.28414879,-0.26651911,-0.31059328,-0.26651911,-0.30177846,-0.24007461,-0.28414879,-0.28414879,-0.30177846,-0.28414879,-0.30177846,-0.31059328,-0.25770428,-0.24007461,-0.26651911,-0.27533395,-0.21363011,-0.26651911,-0.32822296,-0.31940812,-0.072592758,-0.063777922,-0.099037255,-0.29296362,-0.38111196,-0.3899268,-0.56622349,-0.53096415,-0.35466746,-0.31059328,-0.34585263,-0.25770428,-0.28414879,-0.28414879,-0.31059328,-0.1871856,-0.22244495,-0.090222419,0.78244619,-1.3771883,-4.4888249,-6.4457182,-4.3654172,-3.4134151,-2.1088195,-1.2008916,-0.45163064,-0.19600044,-0.072592758,-0.0020740784,0.068444598,0.11251877,0.050814929,0.17422261,0.13014844,0.20948195,0.19185229,0.17422261,0.28000062,0.37696381,0.41222315,0.579705,0.67666818,0.93229838,1.1174099,1.2760769,1.3730401,1.4876329,1.3465956,1.1174099,0.8088907,0.59733467,0.3240748,0.20066712,0.24474129,0.18303745,0.14777811,0.17422261,0.13014844,0.24474129,0.19185229,0.31525997,0.26237096,0.30644513,0.28000062,0.3505193,0.36814897,0.2976303,0.3505193,0.47392699,0.42985281,0.38577864,0.47392699,0.50037149,0.51800116,0.54444567,0.43866765,0.48274183,0.51800116,0.47392699,0.62377918,0.56207534,0.5532605,0.62377918,0.579705,0.66785335,0.63259402,0.74718686,0.79126103,0.76481653,0.67666818,0.89703905,1.0997803,1.1350396,0.99400223,0.90585388,0.77363137,0.81770554,0.68548302,0.81770554
1.913648,-0.057091108,0.034709709,-0.077491289,0.024509619,-0.0060906536,-0.14889193,0.024509619,0.024509619,0.034709709,0.034709709,-0.0060906536,0.0041094366,-0.036690926,-0.036690926,-0.036690926,0.034709709,-0.057091108,0.024509619,0.0041094366,-0.016290745,0.0041094366,-0.0060906536,0.0041094366,-0.026490836,-0.026490836,-0.016290745,0.0449098,0.095910257,0.05510989,0.0041094366,-0.026490836,0.05510989,0.085710166,0.05510989,0.05510989,0.25911171,0.32031225,0.34071243,0.20811125,-0.046891017,-0.18969229,-0.26109293,-0.24069274,-0.1794922,0.024509619,0.024509619,-0.0060906536,0.024509619,0.034709709,0.065309981,0.1571108,0.12651053,0.085710166,0.16731089,0.47331361,1.3709216,-1.9645081,-5.3509382,-6.4831483,-4.3411293,-2.9539169,-1.7809064,-0.85269819,-0.12849175,0.095910257,0.13671062,0.27951189,0.28971198,0.25911171,0.32031225,0.27951189,0.32031225,0.35091252,0.35091252,0.42231316,0.4835137,0.55491434,0.66711533,0.86091707,0.99351827,1.2179203,1.4525223,1.6055237,1.758525,1.7891253,1.6769243,1.3505214,0.92211761,0.58551461,0.35091252,0.16731089,0.085710166,0.014309528,0.034709709,-0.026490836,0.014309528,-0.0060906536,-0.036690926,-0.087691381,0.034709709,0.014309528,0.024509619,-0.0060906536,-0.026490836,0.024509619,-0.016290745,-0.016290745,0.0041094366,-0.046891017,-0.057091108,0.0041094366,-0.067291198,-0.026490836,-0.036690926,-0.026490836,-0.057091108,-0.067291198,-0.077491289,-0.067291198,-0.026490836,-0.026490836,-0.026490836,-0.036690926,-0.0060906536,-0.087691381,0.05510989,0.0041094366,0.0041094366,0.034709709,0.20811125,0.22851144,0.27951189,-0.026490836,-0.21009247,-0.35289374
0.56018471,0.5885309,0.56018471,0.56963344,0.53183851,0.53183851,0.52238978,0.51294105,0.52238978,0.51294105,0.44679993,0.51294105,0.44679993,0.49404359,0.41845374,0.47514613,0.40900501,0.40900501,0.36176135,0.4373512,0.39955628,0.39955628,0.38065882,0.40900501,0.39010755,0.39010755,0.38065882,0.37121008,0.33341516,0.37121008,0.29562023,0.49404359,0.5885309,0.65467202,0.39010755,0.18223545,-0.044534094,-0.0161879,-0.044534094,0.031055755,0.15388926,0.18223545,0.1349918,0.19168418,0.14444053,0.18223545,0.14444053,0.22947911,0.18223545,0.22003038,0.42790247,1.3822243,-1.8586905,-5.0145667,-6.233453,-4.5704763,-3.0586794,-1.8019981,-0.94216356,-0.21461126,0.049953218,0.15388926,0.16333799,0.21058164,0.19168418,0.17278672,0.18223545,0.24837657,0.2578253,0.33341516,0.35231262,0.39955628,0.44679993,0.63577456,0.76805679,0.93813395,1.1082111,1.3255319,1.5050578,1.6467888,1.6467888,1.5334041,1.2121472,0.84364664,0.44679993,0.19168418,0.0027095621,-0.063431556,-0.10122648,-0.15791887,-0.18626506,-0.15791887,-0.21461126,-0.17681633,-0.20516253,-0.13902141,-0.12957268,-0.14847014,-0.13902141,-0.17681633,-0.13902141,-0.13902141,-0.1673676,-0.14847014,-0.22405999,-0.18626506,-0.28075238,-0.21461126,-0.29020111,-0.15791887,-0.26185491,-0.24295745,-0.32799603,-0.20516253,-0.28075238,-0.21461126,-0.29964984,-0.1957138,-0.25240618,-0.34689349,-0.29964984,-0.32799603,-0.30909857,-0.34689349,-0.42248334,-0.34689349,-0.1673676,-0.063431556,-0.082329019,-0.25240618,-0.43193207,-0.61145797,-0.70594528,-0.80988132,-0.68704782,-0.5925605
-0.16726045,-0.14215846,-0.16726045,-0.10199528,-0.14215846,-0.15721965,-0.11705648,-0.11705648,-0.17730124,-0.15721965,-0.13211767,-0.16224005,-0.18734204,-0.18734204,-0.16726045,-0.18734204,-0.20742363,-0.17730124,-0.15721965,-0.14717886,-0.15721965,-0.18734204,-0.20240324,-0.16726045,-0.16726045,-0.16224005,-0.17730124,-0.15219926,-0.13211767,-0.096974885,-0.021668922,0.063677837,0.10886141,0.073718632,0.10384102,0.0084534639,-0.13713807,-0.16224005,-0.19738283,-0.20240324,-0.28272959,-0.25762761,-0.24256641,-0.21746443,-0.20742363,-0.18232165,-0.18734204,-0.22248482,-0.15219926,-0.18232165,1.1430633,1.3740016,-1.4575026,-4.2086805,-5.4838615,-4.8261894,-2.8230507,-1.5930533,-0.64419822,-0.24758681,-0.12709727,0.0034330663,0.038575849,0.053637042,0.11388181,0.11388181,0.18918778,0.20424897,0.26449374,0.3598813,0.56571759,0.63600315,0.81673747,1.0978798,1.3890628,1.7404906,2.0517553,2.3178364,2.5337134,2.6441622,2.5086114,2.1170205,1.6049399,1.0727777,0.64102356,0.3448201,0.17914698,0.098820624,0.05865744,0.018494259,0.053637042,0.013473862,0.05865744,0.033555451,0.0084534639,0.05865744,0.063677837,0.068698234,0.063677837,0.10384102,0.05865744,0.078739029,0.05865744,0.043596247,0.028535054,0.033555451,0.013473862,-0.0015873314,-0.011628127,-0.021668922,-0.031709716,-0.026689319,-0.031709716,-0.021668922,-0.016648524,-0.041750512,-0.031709716,-0.056811705,-0.036730114,-0.041750512,-0.041750512,-0.031709716,-0.076893294,-0.061832102,-0.006607729,-0.041750512,0.013473862,0.048616644,0.12392261,0.18918778,0.1440042,0.16408578,-0.031709716,-0.11203608,-0.16726045,-0.20742363
0.095464875,0.1342932,0.090611333,0.1100255,0.090611333,0.07605071,0.061490086,0.066343627,0.046929463,0.032368839,0.022661756,0.012954674,0.0032475914,0.0081011326,0.0032475914,0.012954674,0.017808215,-0.0064594911,0.0032475914,-0.021020115,-0.0016059498,-0.0064594911,-0.0064594911,0.0032475914,-0.04043428,-0.025873656,0.027515297,-0.0064594911,0.046929463,0.080904251,0.15370737,0.21680341,0.17312153,0.1925357,0.0032475914,-0.074409068,-0.12779802,-0.16662635,-0.13265156,-0.13265156,-0.18118697,-0.20545469,-0.17147989,-0.18118697,-0.18604051,-0.16662635,-0.16177281,-0.12294448,0.53713712,1.8573003,-0.26369718,-2.7244426,-5.1026778,-5.4084509,-3.428206,-2.064361,-0.90436462,-0.36562154,-0.1375051,-0.074409068,-0.0064594911,0.03722238,0.061490086,0.10031842,0.14400028,0.21194987,0.2750459,0.36240964,0.47889463,0.6050867,0.79437481,1.0467589,1.352532,1.6825729,2.0320278,2.347508,2.590185,2.6872559,2.6290134,2.3814828,1.8475932,1.2894361,0.73613232,0.37697026,0.16826799,0.066343627,-0.025873656,-0.074409068,-0.098676778,-0.098676778,-0.1132374,-0.079262609,-0.079262609,-0.059848445,-0.050141362,-0.035580739,-0.04043428,-0.030727197,-0.025873656,-0.025873656,-0.059848445,-0.074409068,-0.093823233,-0.093823233,-0.1132374,-0.1132374,-0.15206573,-0.15206573,-0.16177281,-0.17633343,-0.19574759,-0.18118697,-0.18604051,-0.21030823,-0.20545469,-0.23942947,-0.19574759,-0.23457593,-0.23942947,-0.25399009,-0.24428301,-0.24913655,-0.24913655,-0.26855072,-0.2782578,-0.24913655,-0.18604051,-0.14235865,-0.025873656,-0.04528782,-0.088969692,-0.24913655,-0.3025255,-0.38503571,-0.38018217,-0.36562154
0.05610543,0.047227782,0.05610543,0.047227782,0.069421902,0.069421902,0.038350134,0.03391131,0.038350134,0.01171719,0.020594838,-0.006038106,-0.028232226,-0.028232226,-0.014915754,-0.01047693,-0.045987522,-0.050426346,-0.01047693,-0.001599282,-0.037109874,-0.068181642,-0.059303994,-0.037109874,-0.050426346,-0.001599282,0.002839542,0.0072783663,0.03391131,0.096054845,0.17151486,0.1803925,0.19370898,0.26916898,0.073860726,-0.072620466,-0.09925341,-0.14808048,-0.134764,-0.19246872,-0.16583577,-0.16139694,-0.14364165,-0.13032518,-0.12588636,-0.1170087,-0.09925341,-0.085936938,0.93055376,2.1911798,0.37126194,-3.059949,-6.0561552,-5.5945175,-3.4372491,-1.9324877,-0.76507701,-0.33007226,-0.1525193,-0.059303994,0.0072783663,0.047227782,0.082738375,0.096054845,0.13600426,0.19370898,0.26029134,0.3091184,0.43340547,0.52662078,0.70861256,0.92167611,1.2190773,1.4942844,1.8050021,2.0225044,2.2089351,2.2400068,2.1645468,1.8227574,1.4188244,0.93499259,0.53993725,0.29580193,0.15375956,0.064983078,0.03391131,0.0072783663,0.0072783663,-0.072620466,-0.028232226,-0.028232226,-0.028232226,-0.023793402,-0.01047693,0.020594838,0.025033662,0.020594838,0.03391131,0.038350134,0.038350134,0.0072783663,-0.001599282,-0.041548698,-0.01047693,-0.068181642,-0.07705929,-0.090375762,-0.085936938,-0.09925341,-0.10369224,-0.12588636,-0.10813106,-0.16139694,-0.134764,-0.12588636,-0.134764,-0.13032518,-0.134764,-0.134764,-0.134764,-0.12588636,0.020594838,0.042788958,0.1049325,0.073860726,0.15375956,-0.050426346,-0.12588636,-0.2279793,-0.25905108,-0.24129578,-0.27680637,-0.2812452,-0.2812452,-0.26792872
1.9045396,0.14586754,0.11215569,0.12901162,0.13743958,0.17115144,0.16272348,0.17115144,0.1795794,0.16693746,0.1585095,0.13743958,0.12901162,0.11215569,0.086871793,0.086871793,0.057373922,0.057373922,0.032090029,0.057373922,0.023662065,0.019448083,0.0068061366,0.023662065,0.019448083,0.0068061366,0.0025921538,0.0025921538,0.019448083,0.0025921538,-0.0058358099,0.0025921538,-0.018477756,-0.014263774,-0.010049793,0.074229851,0.14165356,0.20064932,0.20064932,0.23014719,0.082657812,0.011020118,-0.073259524,-0.11539935,-0.12804129,-0.1743951,-0.19546501,-0.1743951,-0.19546501,-0.18282306,-0.19546501,-0.15753916,-0.15753916,-0.14489722,0.091085784,1.7387528,1.5575515,-1.0888293,-4.6496441,-6.2678133,-4.4979408,-2.6606445,-1.2995283,-0.55365349,-0.27553067,-0.17018112,-0.11539935,-0.060617578,-0.043761649,-0.018477756,0.040517993,0.086871793,0.1585095,0.25543109,0.35656666,0.45770222,0.61783355,0.83274664,1.0771576,1.3468525,1.6249753,1.8778142,2.0885133,2.177007,2.1559371,1.9663078,1.5659796,1.0940135,0.66418735,0.35656666,0.15008153,0.040517993,-0.018477756,-0.073259524,-0.090115453,-0.098543417,-0.1027574,-0.08590147,-0.094329435,-0.081687489,-0.035333685,-0.047975632,-0.022691739,-0.043761649,-0.039547667,-0.035333685,-0.047975632,-0.060617578,-0.1027574,-0.098543417,-0.12804129,-0.12382731,-0.1491112,-0.14068324,-0.19125102,-0.1743951,-0.21232093,-0.19125102,-0.21653492,-0.19967899,-0.23339085,-0.20810695,-0.21653492,-0.24181881,-0.24181881,-0.24181881,-0.26710271,-0.26288872,-0.27974465,-0.25446075,-0.17018112,-0.12804129,-0.090115453,-0.081687489,-0.026905721,-0.1491112
0.20773138,0.23823503,0.24331898,0.23823503,0.25348687,0.19756349,0.20264744,0.26365475,0.18231167,0.18739561,0.16705984,0.18739561,0.11622042,0.10605253,0.085716765,0.085716765,0.03487734,0.03487734,0.0094576288,0.090800706,0.029793398,0.01454157,-0.0057941988,-0.056633623,0.01454157,-0.0057941988,-0.046465738,-0.07188545,0.0043736861,-0.00071025643,-0.07188545,0.029793398,0.15180801,0.17214379,0.25857081,0.32466206,0.22806715,0.1263883,-0.12272488,-0.10747304,-0.23457161,-0.16339641,-0.2091519,-0.19390007,-0.23457161,-0.18373218,-0.2091519,-0.21931977,-0.18881612,-0.082053335,-0.061717565,1.2448556,3.5427976,2.3328193,-2.2630646,-6.3200507,-5.7862367,-3.818751,-2.1003785,-0.93107172,-0.4379293,-0.28032709,-0.21931977,-0.17864824,-0.11764093,-0.10747304,-0.092221219,-0.056633623,0.019625513,0.05521311,0.10605253,0.19247955,0.2941584,0.44667667,0.61953072,0.83814024,1.0669177,1.2550236,1.3719542,1.5092206,1.478717,1.382122,1.1431767,0.84830812,0.594111,0.35008176,0.19756349,0.10605253,0.045045225,-0.0057941988,-0.0057941988,-0.026129969,-0.03121391,-0.010878141,-0.03121391,-0.00071025643,0.029793398,0.045045225,0.050129167,0.080632822,0.085716765,0.070464937,0.060297052,0.03487734,0.050129167,0.050129167,0.0043736861,-0.0057941988,-0.041381796,-0.036297853,-0.05154968,-0.056633623,-0.066801508,-0.076969392,-0.061717565,-0.082053335,-0.076969392,-0.07188545,-0.097305162,-0.066801508,-0.07188545,-0.082053335,-0.076969392,-0.07188545,-0.11764093,-0.061717565,-0.015962084,0.05521311,0.11622042,0.17722773,0.18739561,0.28907446,0.075548879,-0.041381796,-0.15831247,-0.2091519
0.10967556,0.12041413,0.098936987,0.077459845,0.034505558,0.14189128,0.15262984,0.33518556,0.27075413,0.27075413,0.21706128,0.32444699,0.22779985,0.24927699,0.10967556,0.15262984,0.077459845,0.18484556,0.15262984,0.24927699,0.04524413,0.21706128,0.023766986,0.15262984,0.15262984,0.23853842,0.14189128,0.088198416,0.12041413,0.16336842,0.077459845,0.12041413,0.098936987,0.21706128,0.36740128,0.35666271,0.57143414,0.19558414,-0.14805016,-0.12657302,-0.21248159,-0.14805016,-0.21248159,0.04524413,0.04524413,-0.051403016,-0.15878873,0.1311527,0.066721273,0.098936987,0.10967556,0.15262984,0.19558414,0.76472843,1.1191013,-3.1441117,-6.1294346,-6.4515917,-3.9709817,-2.5212746,-1.533326,-0.65276303,-0.10509588,0.098936987,0.2063227,0.23853842,0.17410699,0.28149271,0.16336842,0.28149271,0.27075413,0.28149271,0.22779985,0.31370842,0.26001557,0.50700271,0.60364986,0.68955843,0.79694415,1.2050099,1.2479641,1.4949514,1.5379056,1.5593828,1.3553499,1.1835327,0.76472843,0.399617,0.24927699,0.12041413,0.034505558,0.066721273,0.066721273,0.023766986,-0.0084487291,-0.0084487291,-0.10509588,-0.0084487291,-0.051403016,-0.0084487291,-0.0084487291,0.034505558,-0.083618732,-0.029925873,-0.072880159,0.023766986,0.0022898425,0.04524413,0.055982701,0.04524413,-0.0084487291,-0.0084487291,0.034505558,0.098936987,-0.029925873,0.0022898425,-0.062141588,0.023766986,-0.019187301,0.034505558,-0.029925873,0.023766986,0.013028414,0.013028414,-0.083618732,-0.051403016,0.0022898425,0.098936987,0.22779985,0.24927699,0.2063227,-0.083618732,-0.22322016,-0.27691302,-0.39503731,-0.35208303
0.082785833,0.10043297,0.11366832,0.14013903,0.11366832,0.13572724,0.12690368,0.13131546,0.087197618,0.10484476,0.082785833,0.056315128,0.012197286,0.021020853,0.029844422,0.0033737166,-0.023096989,-0.023096989,-0.036332342,-0.067214832,-0.062803047,-0.071626616,-0.040744126,-0.049567694,-0.036332342,-0.062803047,-0.093685537,-0.089273753,-0.076038401,-0.084861969,-0.067214832,-0.062803047,0.012197286,0.10043297,0.12690368,0.11808011,0.17543331,0.043079775,-0.053979479,-0.15545052,-0.24368621,-0.20398014,-0.23045085,-0.21721549,-0.23486263,-0.22162728,-0.23486263,-0.24368621,-0.20839193,-0.18633301,-0.21721549,0.078374049,1.7195578,1.6401457,-1.2142787,-4.849589,-6.2348892,-4.7304708,-2.8157564,-1.3775147,-0.63192322,-0.34515724,-0.19074479,-0.12456803,-0.080450184,-0.053979479,-0.027508773,0.025432638,0.051903343,0.10484476,0.16219795,0.23278649,0.35631646,0.51955248,0.74896526,0.96073091,1.265144,1.5651453,1.8166171,2.0283827,2.1783834,2.1827952,1.9886767,1.613675,1.1460259,0.7092592,0.38719894,0.19308044,0.087197618,0.0077855007,-0.014273421,-0.062803047,-0.058391263,-0.027508773,-0.027508773,-0.053979479,-0.0098616363,-0.0010380678,0.0033737166,0.021020853,0.034256207,0.034256207,0.021020853,0.047491559,0.056315128,0.043079775,0.021020853,-0.018685204,-0.0010380678,-0.018685204,-0.0010380678,-0.027508773,-0.036332342,-0.027508773,-0.031920558,-0.045155911,-0.053979479,-0.036332342,-0.031920558,-0.014273421,-0.062803047,-0.036332342,-0.031920558,-0.036332342,-0.031920558,-0.040744126,-0.014273421,0.069550481,0.14013903,0.20631579,0.24161007,0.27249256,0.24602185,0.091609402,-0.018685204,-0.089273753
1.905236,-0.021165194,-0.042705127,-0.059937075,-0.094400968,-0.10301694,-0.077169022,-0.085784995,-0.068553048,-0.081477008,-0.059937075,-0.042705127,-0.042705127,-0.034089154,-0.051321101,-0.051321101,-0.047013114,-0.064245061,-0.081477008,-0.10301694,-0.10301694,-0.1159409,-0.10732493,-0.12024889,-0.1159409,-0.12024889,-0.12886486,-0.10301694,-0.12455688,-0.12024889,-0.1159409,-0.11163291,-0.12455688,-0.10301694,-0.094400968,-0.081477008,0.0089907127,0.090842464,0.095150447,0.25023797,0.22439005,0.15977024,-0.012549221,-0.15471278,-0.22794855,-0.16763675,-0.20210064,-0.21502459,-0.21933259,-0.19348466,-0.19779265,-0.17625271,-0.17625271,-0.15902077,0.32778173,1.9992806,1.2755388,-1.5461925,-4.9925818,-6.0738865,-4.1352925,-2.3991739,-1.055082,-0.43473192,-0.21933259,-0.12455688,-0.038397141,-0.0039332468,0.03914662,0.073610514,0.09945843,0.20285012,0.22008206,0.31054978,0.4354814,0.53887308,0.70257657,0.93089987,1.1721472,1.4693982,1.7623413,2.0208205,2.1974479,2.2965317,2.2319118,1.9777407,1.538326,1.0515235,0.63364879,0.35793764,0.18131018,0.095150447,0.043454607,-0.0039332468,-0.038397141,-0.042705127,-0.068553048,-0.081477008,-0.012549221,-0.0039332468,0.017606687,0.0089907127,0.02622266,0.03914662,0.03914662,0.017606687,0.030530646,0.00037473969,-0.012549221,-0.038397141,-0.059937075,-0.085784995,-0.077169022,-0.098708955,-0.1159409,-0.12024889,-0.13317285,-0.13748084,-0.13748084,-0.15471278,-0.1460968,-0.15902077,-0.15902077,-0.16763675,-0.1805607,-0.17625271,-0.16763675,-0.090092981,0.0046827262,0.03914662,0.086534472,0.15115428,0.043454607,-0.072861034,-0.25810446,-0.29687634
1.9046692,-0.043580264,-0.1068109,-0.053308055,-0.087355323,-0.072763637,-0.063035846,-0.033852473,-0.0095329957,0.00019479494,-0.0046691009,0.0099225856,0.0050586898,-0.0046691009,-0.014396892,-0.024124682,-0.053308055,0.00019479494,-0.063035846,-0.063035846,-0.072763637,-0.053308055,-0.097083114,-0.043580264,-0.092219218,-0.077627532,-0.087355323,-0.053308055,-0.063035846,-0.063035846,-0.05817195,-0.05817195,-0.053308055,-0.067899741,-0.05817195,0.078017118,0.08288102,0.15583945,0.078017118,0.1023366,-0.043580264,-0.1116748,-0.19436102,-0.20895271,-0.18463323,-0.20895271,-0.20895271,-0.20408881,-0.20895271,-0.17004155,-0.18463323,-0.16517765,-0.17004155,-0.16031375,0.66654847,1.7366055,-0.49592254,-2.986237,-5.1555343,-5.2430845,-3.2926624,-1.9307717,-0.86557859,-0.35486957,-0.19436102,-0.067899741,-0.053308055,0.014786481,0.029378167,0.08288102,0.1023366,0.17529503,0.21907009,0.33093968,0.45740096,0.60818172,0.77841806,1.0410684,1.3523577,1.6879665,2.0478948,2.3786396,2.592651,2.6753373,2.6072428,2.2764978,1.7171499,1.1286186,0.64222899,0.33093968,0.11692828,0.029378167,-0.05817195,-0.05817195,-0.097083114,-0.087355323,-0.1068109,-0.087355323,-0.067899741,-0.048444159,-0.038716369,-0.024124682,-0.024124682,-0.014396892,-0.043580264,-0.028988578,-0.05817195,-0.067899741,-0.087355323,-0.082491427,-0.1165387,-0.1116748,-0.15058597,-0.15544986,-0.17490544,-0.17004155,-0.18463323,-0.17976934,-0.18949712,-0.20408881,-0.2235444,-0.19922492,-0.24299997,-0.23813608,-0.22840829,-0.20895271,-0.23327219,-0.22840829,-0.20895271,-0.12626649,-0.1068109,0.014786481,-0.063035846,-0.0095329957,-0.18463323,-0.27704725
0.077193142,0.055768106,0.087905659,0.27001846,0.14146825,0.045055589,0.15218077,0.15218077,0.1736058,0.087905659,0.1736058,0.1093307,0.15218077,0.12004321,0.21645587,0.18431832,0.20574336,0.24859342,0.19503083,0.15218077,0.23788091,0.12004321,0.1736058,0.20574336,0.27001846,0.22716838,0.31286853,0.19503083,0.15218077,0.24859342,0.51640636,0.51640636,0.55925643,0.12004321,-0.019219516,-0.27631993,-0.13705721,-0.083494621,-0.083494621,0.098618173,0.14146825,0.023630554,0.19503083,0.13075573,0.34500608,0.21645587,0.23788091,0.25930594,0.22716838,0.97704462,0.39856867,-3.8114507,-6.425305,-5.4183284,-3.7364631,-2.0438854,-1.1226088,-0.40487014,0.0022055188,0.22716838,0.38785615,0.34500608,0.39856867,0.44141874,0.46284378,0.40928119,0.46284378,0.48426881,0.46284378,0.50569384,0.6021065,0.69851916,0.67709412,0.82706937,1.21272,1.2555701,1.5126705,1.523383,1.7483458,1.7376334,1.5769456,1.21272,0.84849441,0.55925643,0.31286853,0.22716838,0.18431832,0.1093307,0.15218077,0.087905659,0.15218077,0.087905659,0.12004321,0.077193142,0.15218077,0.066480624,0.0022055188,-0.029932033,0.034343072,-0.0085069988,0.0022055188,-0.062069587,-0.0085069988,-0.051357069,-0.040644552,-0.11563217,-0.09420714,-0.17990728,-0.16919476,-0.072782104,-0.15848225,-0.15848225,-0.13705721,-0.23346987,-0.22275735,-0.22275735,-0.20133231,-0.2548949,-0.23346987,-0.28703246,-0.27631993,-0.26560742,-0.24418238,-0.28703246,-0.09420714,-0.040644552,0.087905659,-0.15848225,-0.41558267,-0.67268309,-0.73695819,-0.74767071,-0.65125805,-0.5012828,-0.44772022,-0.5012828
0.1380619,0.1380619,0.11766938,0.1533563,0.1533563,0.087080587,0.13296377,0.11257125,0.066688061,0.076884325,0.010608611,0.071786192,0.046295534,0.025903006,-0.009783916,0.0055104794,-0.014882047,-0.014882047,-0.035274575,0.0055104794,0.00041234756,0.031001139,0.010608611,-0.014882047,-0.009783916,-0.0046857842,-0.030176443,0.031001139,0.00041234756,0.081982456,0.1533563,0.22473015,0.18904323,0.17884696,0.041197401,-0.045470838,-0.11174655,-0.21880732,-0.15762973,-0.12194281,-0.13213908,-0.10664842,-0.13213908,-0.13213908,-0.11684468,-0.11174655,-0.065863366,-0.11684468,0.14316004,1.8765249,0.60709003,-2.2988451,-4.8530091,-5.5310606,-4.1086819,-2.375317,-1.1517654,-0.46861578,-0.18821853,-0.040372707,0.015706743,0.051393665,0.097276851,0.12786564,0.16355256,0.19923949,0.24512267,0.31139839,0.39806662,0.52551993,0.67846388,0.9231742,1.1729826,1.5043613,1.845936,2.1365296,2.4016324,2.5749689,2.5953614,2.3914362,1.9428006,1.3616136,0.84670222,0.46434234,0.25531893,0.14316004,0.051393665,0.041197401,-0.025078311,-0.030176443,0.0055104794,-0.0046857842,-0.040372707,-0.009783916,0.0055104794,-0.0046857842,0.00041234756,-0.045470838,-0.060765233,-0.096452156,-0.055667102,-0.05056897,-0.081157761,-0.096452156,-0.12704095,-0.12704095,-0.14743347,-0.13723721,-0.17802227,-0.17802227,-0.19331666,-0.19841479,-0.21880732,-0.22900358,-0.21370919,-0.20861106,-0.19841479,-0.25959237,-0.25449424,-0.25959237,-0.26978863,-0.2646905,-0.26978863,-0.2646905,-0.18821853,-0.14233534,-0.055667102,-0.040372707,-0.060765233,-0.12704095,-0.24429798,-0.36665314,-0.42783072,-0.39724193,-0.4074382,-0.41253633
1.9175322,0.10993698,0.072200873,0.051236368,0.05542927,0.034464765,0.047043468,0.05962217,0.080586675,0.088972478,0.10155118,0.10574408,0.10155118,0.088972478,0.084779579,0.051236368,0.038657667,0.017693162,-0.011657143,-0.024235846,-0.041007449,-0.053586152,-0.078743557,-0.10390096,-0.078743557,-0.11647966,-0.11647966,-0.13325126,-0.13325126,-0.15421577,-0.14163707,-0.15421577,-0.15840867,-0.16260157,-0.15840867,-0.12067257,-0.028428747,0.038657667,0.080586675,0.12670858,0.12670858,-0.04520035,-0.21291639,-0.2883886,-0.32193181,-0.2925815,-0.313546,-0.3177389,-0.3051602,-0.313546,-0.3009673,-0.3009673,-0.27161699,-0.25484539,0.32796782,1.8206405,1.0868829,-1.9823205,-5.4246921,-6.1878001,-4.0913496,-2.384839,-1.1018114,-0.53157684,-0.34289631,-0.24226668,-0.17098737,-0.14163707,-0.09970806,-0.061971953,-0.011657143,0.013500262,0.10574408,0.17283049,0.29023172,0.41182583,0.59212057,0.79757272,1.0701113,1.334264,1.6151884,1.8164477,2.013514,2.0806004,2.0344784,1.7661328,1.3720001,0.92755264,0.55857737,0.27765301,0.13090148,0.034464765,0.00092155908,-0.041007449,-0.049393251,-0.057779052,-0.04520035,-0.032621647,-0.032621647,0.00092155908,0.021886063,0.05542927,0.072200873,0.047043468,0.047043468,0.051236368,0.038657667,0.021886063,0.026078964,0.013500262,0.013500262,0.0093073611,0.026078964,0.0093073611,0.0093073611,0.0051144596,0.0093073611,-0.011657143,0.05542927,0.026078964,0.00092155908,-0.0032713417,0.038657667,0.05962217,0.080586675,0.16863759,0.2105666,0.31538912,0.41182583,0.32796782,0.28184591,0.084779579,-0.0074642426,-0.024235846,-0.041007449,-0.041007449
0.1767344,0.1767344,0.16126397,0.1767344,0.1767344,0.16642078,0.12516632,0.10969591,0.089068676,0.078755061,0.037500605,0.052971026,0.037500605,0.0065597628,0.0065597628,0.0065597628,0.0014029557,-0.024381079,-0.0037538514,-0.019224272,-0.034694694,-0.0037538514,-0.045008308,-0.070792343,-0.034694694,-0.045008308,-0.060478729,-0.065635536,0.027186991,0.13032313,0.16126397,0.20767524,0.27987054,0.20767524,0.042657413,-0.070792343,-0.12236041,-0.1842421,-0.23065336,-0.2615942,-0.23581017,-0.23065336,-0.22549656,-0.22033975,-0.26675101,-0.17908529,-0.17908529,-0.065635536,1.1255869,3.2966027,2.0125577,-2.6646663,-6.5013308,-5.8670435,-3.7888503,-2.0922607,-0.92166551,-0.48849372,-0.30284866,-0.18939891,-0.14814445,-0.13783084,-0.10173319,-0.086262764,-0.050165114,0.0014029557,0.068441448,0.10969591,0.20251843,0.27471373,0.47067239,0.64600383,0.82649208,1.0069803,1.1359005,1.3473296,1.3731136,1.3937408,1.2596639,1.0894892,0.8368057,0.52224047,0.3262818,0.21283204,0.089068676,0.1045391,-0.029537887,0.016873377,0.0014029557,0.022030184,0.0014029557,0.027186991,0.068441448,0.068441448,0.089068676,0.09938229,0.13547994,0.094225483,0.13032313,0.073598255,0.14579356,0.15610717,0.094225483,0.073598255,0.032343798,0.09938229,0.027186991,0.042657413,0.058127833,0.022030184,0.016873377,0.047814219,0.022030184,-0.0037538514,0.016873377,0.0065597628,0.047814219,0.022030184,0.042657413,0.068441448,0.037500605,0.089068676,0.13032313,0.23861608,0.26955692,0.29534095,0.35206584,0.37784987,0.16126397,0.083911868,0.016873377,0.016873377,0.0065597628,-0.034694694,-0.034694694,0.0014029557
-0.10754826,-0.089395525,-0.10754826,-0.071242793,-0.053090063,-0.03039915,-0.03039915,-0.039475516,-0.062166429,0.0059063117,-0.016784601,-0.03039915,-0.057628246,-0.057628246,-0.062166429,-0.075780976,-0.098471889,-0.10301008,-0.11208644,-0.12116281,-0.14385372,-0.14385372,-0.1483919,-0.18015917,-0.17108281,-0.16654463,-0.1983119,-0.17562099,-0.18015917,-0.17562099,-0.18923554,-0.19377372,-0.20738827,-0.14385372,-0.093933707,-0.044013697,0.042211772,0.024059042,0.024059042,-0.16200644,-0.21646464,-0.27546101,-0.32084284,-0.2527701,-0.32538102,-0.29361374,-0.32084284,-0.29361374,-0.26638465,-0.27092283,-0.26184646,-0.20738827,-0.23461737,0.024059042,1.7531067,0.30542637,-2.3811778,-4.9679419,-5.8301966,-3.9241599,-2.3494105,-1.0787194,-0.45245013,-0.22100282,-0.11662462,-0.016784601,-0.021322784,0.014982676,0.055826321,0.10120815,0.15112815,0.26458272,0.29635,0.41888093,0.57317915,0.73201554,0.9498483,1.2539066,1.5216593,1.8983284,2.1433903,2.4156813,2.5291359,2.4837541,2.2477685,1.8166412,1.2266775,0.75470645,0.43703366,0.25096818,0.12843724,0.078517234,0.033135408,0.0013681288,-0.0031700538,0.024059042,0.014982676,0.069440868,0.028597225,0.092131782,0.060364504,0.12389906,0.060364504,0.14205179,0.0875936,0.10120815,0.11482269,0.069440868,0.069440868,0.069440868,0.024059042,0.042211772,0.019520859,0.024059042,0.028597225,0.028597225,0.014982676,0.042211772,0.024059042,0.019520859,0.019520859,0.024059042,0.0059063117,0.010444495,-0.03039915,-0.021322784,-0.016784601,0.0013681288,0.0875936,0.17381907,0.1919718,0.17835725,0.14205179,0.0059063117,-0.089395525,-0.089395525
-0.070252509,-0.051628062,-0.051628062,-0.046971951,-0.037659728,-0.037659728,-0.051628062,-0.060940285,-0.070252509,-0.079564732,-0.093533066,-0.1075014,-0.12146973,-0.1075014,-0.12146973,-0.12146973,-0.13078196,-0.13543807,-0.098189178,-0.1075014,-0.1075014,-0.12146973,-0.12612584,-0.12612584,-0.12146973,-0.12612584,-0.12612584,-0.12146973,-0.098189178,-0.046971951,0.01821361,0.055462502,0.12064807,0.074086949,0.064774726,-0.084220843,-0.16337474,-0.1494064,-0.19596752,-0.15406252,-0.19131141,-0.19131141,-0.17734308,-0.17268696,-0.16803085,-0.15871863,-0.14009418,-0.14475029,-0.1494064,0.50710532,1.7735676,-0.19596752,-2.7335483,-5.1314457,-5.4247807,-3.4412772,-2.0165071,-0.89904036,-0.37289975,-0.20062363,-0.12146973,-0.056284174,-0.019035281,0.01821361,0.10667973,0.15324084,0.21377029,0.28826807,0.36276587,0.4977931,0.64678867,0.85165757,1.0891193,1.3871104,1.745631,2.0994955,2.4021428,2.62098,2.7373828,2.6628849,2.3555816,1.7921921,1.1822415,0.69334978,0.34879753,0.15324084,0.027525834,-0.028347505,-0.046971951,-0.070252509,-0.093533066,-0.07490862,-0.056284174,-0.046971951,-0.051628062,-0.046971951,-0.0097230588,-0.0097230588,-0.023691394,-0.0050669472,-0.046971951,-0.028347505,-0.056284174,-0.033003617,-0.084220843,-0.10284529,-0.1075014,-0.065596397,-0.098189178,-0.093533066,-0.13543807,-0.1075014,-0.1075014,-0.15406252,-0.1494064,-0.1075014,-0.098189178,-0.093533066,-0.11681363,-0.11681363,-0.11215752,-0.1494064,-0.088876955,-0.10284529,-0.033003617,0.022869722,0.069430838,0.1346164,0.10202362,0.088055283,-0.07490862,-0.13078196,-0.1494064,-0.18199919,-0.16803085,-0.13078196
0.14049092,0.16573102,0.20779787,0.23303798,0.24145135,0.24145135,0.25407141,0.24145135,0.2288313,0.23303798,0.1993845,0.18676445,0.18255777,0.1699377,0.17414439,0.16152434,0.15311097,0.14049092,0.13207754,0.1446976,0.13207754,0.10683743,0.1152508,0.12366417,0.1446976,0.13207754,0.13207754,0.12787085,0.10683743,0.14049092,0.19097113,0.27089815,0.29613826,0.35082517,0.37606528,0.312965,0.17414439,0.06477058,0.039530469,0.022703729,-0.027776493,-0.023569808,-0.044603234,-0.036189863,-0.031983178,-0.015156438,-0.015156438,-0.0025363824,0.0016703028,0.043737154,1.4277366,2.130253,-0.1960439,-3.6833859,-6.0938164,-4.8738778,-2.9051491,-1.4328093,-0.54519876,-0.1960439,-0.069843344,0.0058769878,0.06477058,0.094217373,0.13207754,0.1699377,0.20779787,0.27089815,0.32979175,0.42233881,0.53171263,0.69156667,0.8514207,1.1122352,1.3604296,1.6422775,1.8946786,2.1134262,2.2312134,2.2396268,2.0965995,1.7306179,1.2762959,0.8219739,0.45178561,0.23303798,0.1152508,0.0016703028,-0.036189863,-0.061429974,-0.0824634,-0.078256715,-0.0824634,-0.0824634,-0.07405003,-0.069843344,-0.061429974,-0.069843344,-0.053016604,-0.086670085,-0.057223289,-0.12032357,-0.13294362,-0.15818374,-0.17080379,-0.18342384,-0.20025059,-0.24231744,-0.2507308,-0.27176423,-0.31803777,-0.3348645,-0.30121102,-0.33065782,-0.33065782,-0.37272467,-0.37693136,-0.40637815,-0.40637815,-0.41058484,-0.43161827,-0.43582495,-0.3643113,-0.31803777,-0.22969737,-0.23390407,-0.15397704,-0.24231744,-0.40217147,-0.59988568,-0.61250573,-0.68822606,-0.65457258,-0.70084611,-0.7050528,-0.70925949
0.10898119,0.10434804,0.11361434,0.11824749,0.11824749,0.085815448,0.071916003,0.053383408,0.053383408,0.034850814,0.034850814,-0.0022143747,-0.0022143747,-0.011480672,-0.025380117,-0.043912711,-0.030013266,-0.034646415,-0.057812157,-0.053179009,-0.085611048,-0.043912711,-0.0809779,-0.085611048,-0.099510495,-0.090244198,-0.094877346,-0.094877346,-0.11340994,-0.12267624,-0.094877346,-0.034646415,0.0070519225,0.11824749,0.099714898,0.058016557,-0.094877346,-0.14584198,-0.22460551,-0.21997236,-0.20607291,-0.27093699,-0.26630384,-0.26167069,-0.26167069,-0.25703755,-0.26167069,-0.24777125,-0.25240439,-0.24777125,-0.15974143,1.4340617,0.91051589,-1.6840473,-4.3666403,-5.8492479,-4.4685696,-2.7311388,-1.4245909,-0.65085517,-0.35433367,-0.22923866,-0.15047513,-0.094877346,-0.067078455,-0.011480672,0.020951368,0.071916003,0.13678008,0.19237786,0.31747287,0.4055027,0.64642642,0.86418441,1.1143744,1.443328,1.7537489,2.1105014,2.3606914,2.5599168,2.596982,2.439455,2.0410042,1.4711269,0.90588275,0.51206511,0.24797564,0.095081745,-0.0022143747,-0.034646415,-0.090244198,-0.062445306,-0.071711603,-0.057812157,-0.034646415,-0.030013266,-0.0022143747,0.011685071,0.034850814,0.025584516,0.020951368,0.039483962,0.034850814,0.053383408,0.0024187738,-0.034646415,-0.0068475232,-0.057812157,-0.034646415,-0.034646415,-0.062445306,-0.099510495,-0.090244198,-0.039279563,-0.099510495,-0.043912711,-0.053179009,-0.10414364,-0.062445306,-0.053179009,-0.053179009,-0.076344752,-0.067078455,-0.048545861,-0.048545861,-0.099510495,-0.030013266,-0.020746969,0.011685071,0.11361434,0.18774472,0.11824749,0.15994582,-0.0068475232,-0.030013266,-0.14120884
0.30939813,0.32521897,0.29885091,0.3410398,0.35686064,0.31994536,0.32521897,0.28830368,0.2935773,0.25666202,0.25138841,0.20919952,0.23029397,0.20392591,0.18283146,0.20919952,0.18810507,0.16701062,0.16701062,0.15118979,0.15118979,0.11954812,0.16173701,0.14591618,0.13536895,0.12482173,0.14591618,0.1090009,0.14064257,0.11427451,0.13536895,0.093180062,0.14064257,0.21974674,0.35158703,0.35686064,0.3832287,0.49397454,0.24084119,0.13009534,0.019349501,-0.075575506,-0.033386614,-0.096669953,-0.080849117,-0.10194356,-0.070301895,-0.059754672,-0.10721718,-0.070301895,-0.043933837,-0.012292168,0.69437178,2.7985428,3.4946595,-0.14413246,-5.0696856,-6.4935607,-4.4632203,-2.6490979,-1.1250242,-0.51855887,-0.29179358,-0.18104774,-0.091396341,-0.1177644,-0.043933837,-0.0070185564,0.024623112,0.045717558,0.072085616,0.13009534,0.17755785,0.30939813,0.44123843,0.63636205,0.76820233,0.9316843,1.1637232,1.2375537,1.3641204,1.4063094,1.3641204,1.2164594,0.93695791,0.65218289,0.40432314,0.1986523,0.077359228,0.019349501,-0.086122729,-0.10194356,-0.075575506,-0.12303801,-0.1177644,-0.086122729,-0.05448106,-0.065028283,-0.1177644,-0.0017449446,-0.022839391,-0.043933837,-0.070301895,-0.05448106,-0.05448106,-0.091396341,-0.14413246,-0.12303801,-0.17050052,-0.13358523,-0.20214219,-0.20741579,-0.18104774,-0.20214219,-0.27069913,-0.28651997,-0.24433107,-0.27597274,-0.26015191,-0.29706719,-0.32343525,-0.29179358,-0.27597274,-0.3023408,-0.32343525,-0.33925608,-0.29706719,-0.31288802,-0.29179358,-0.20214219,-0.12831162,-0.10194356,-0.012292168,0.056264782,-0.11249079,-0.18104774
0.43431844,0.40508685,0.39534298,0.32713593,0.48303777,0.45380617,0.46355004,0.39534298,0.41483071,0.42457458,0.39534298,0.36611139,0.39534298,0.38559912,0.36611139,0.31739206,0.33687979,0.3076482,0.31739206,0.28816047,0.26867274,0.26867274,0.26867274,0.22969728,0.21995342,0.19072182,0.21020955,0.18097796,0.17123409,0.15174636,0.15174636,0.13225863,0.16149023,0.16149023,0.3076482,0.38559912,0.16149023,0.044563853,-0.052874796,-0.12108185,-0.28672755,-0.21852049,-0.10159412,-0.08210639,-0.091850259,-0.08210639,-0.06261866,-0.072362525,-0.043130931,-0.043130931,-0.013899336,0.0055883933,1.0189503,-0.25749595,-3.8627259,-6.668959,-5.4704636,-4.0576032,-2.4790971,-1.3975282,-0.64725054,-0.22826436,-0.072362525,0.054307717,0.054307717,0.073795446,0.044563853,0.044563853,0.12251477,0.1127709,0.1420025,0.15174636,0.22969728,0.3076482,0.44406231,0.59022028,0.73637825,1.0092064,1.1261329,1.262547,1.4866559,1.5743507,1.4963997,1.2235715,0.93125555,0.5025255,0.18097796,0.0055883933,-0.13082572,-0.15031345,-0.17954503,-0.19903276,-0.06261866,-0.072362525,-0.10159412,-0.11133799,-0.023643201,-0.043130931,-0.023643201,0.10302704,0.015332258,0.073795446,0.064051581,0.064051581,0.1420025,0.083539311,0.015332258,0.054307717,0.054307717,0.054307717,-0.013899336,-0.033387066,-0.033387066,-0.013899336,-0.10159412,-0.06261866,-0.11133799,-0.033387066,0.0055883933,0.025076123,-0.033387066,-0.033387066,0.034819988,0.044563853,0.18097796,0.26867274,0.40508685,0.28816047,0.054307717,-0.0041554714,-0.10159412,-0.1600573,-0.24775209,0.0055883933,0.10302704,0.083539311
-0.12765296,-0.14137692,-0.15052622,-0.13680227,-0.15967552,-0.14595157,-0.14595157,-0.16425017,-0.18712343,-0.19169808,-0.20084739,-0.2374446,-0.23286995,-0.26031785,-0.26946716,-0.26946716,-0.27861646,-0.26946716,-0.28776576,-0.31063902,-0.28319111,-0.28776576,-0.30606437,-0.31063902,-0.27861646,-0.26946716,-0.28776576,-0.30148972,-0.2557432,-0.26946716,-0.25116855,-0.20999669,-0.077331795,-0.072757144,-0.027010629,-0.072757144,-0.054458537,-0.24201925,-0.34723623,-0.31063902,-0.37010949,-0.32436297,-0.35638553,-0.33808693,-0.34723623,-0.34723623,-0.30606437,-0.30148972,-0.26489251,-0.26946716,-0.2557432,0.3572601,1.7388049,-0.30606437,-2.8175481,-5.1689189,-5.5074432,-3.4717232,-2.0627305,-0.9648142,-0.42500531,-0.20542204,-0.13222761,-0.081906447,0.0050119322,0.032459841,0.069057054,0.12852753,0.15140078,0.22459521,0.34353614,0.48992499,0.61801524,0.77812804,0.98398737,1.3179369,1.592416,1.9309402,2.209994,2.4478758,2.5942647,2.511921,2.2786138,1.7845514,1.2218692,0.75982943,0.48077569,0.24746846,0.187998,0.14682613,0.11022892,0.078206356,0.059907751,0.082781008,0.02788519,0.096504967,0.12395288,0.10107962,0.19257265,0.16055009,0.14682613,0.18342334,0.16969939,0.16512474,0.11480357,0.10107962,0.12395288,0.082781008,0.11022892,0.078206356,0.10565427,0.064482402,0.082781008,0.069057054,0.096504967,0.078206356,0.13767683,0.091930312,0.087355659,0.10107962,0.11480357,0.10565427,0.11022892,0.087355659,0.087355659,0.096504967,0.082781008,0.15597544,0.22916986,0.25204312,0.31151358,0.24289381,0.32981219,0.11480357,0.059907751,0.069057054
-0.05240877,-0.043036525,-0.024292035,-0.014919789,-0.014919789,0.0085108242,0.0038247014,0.060058173,0.036627559,0.013196947,-0.00086142113,0.0085108242,-0.033664279,-0.019605912,-0.028978156,-0.019605912,-0.043036525,-0.033664279,-0.033664279,-0.05240877,-0.061781015,-0.066467137,-0.047722647,-0.05240877,-0.075839383,-0.075839383,-0.094583873,-0.05240877,-0.028978156,-0.038350402,-0.057094893,-0.038350402,-0.010233666,0.078802663,0.092861027,0.20064185,0.12566389,0.1490945,-0.057094893,-0.13675897,-0.13675897,-0.19299245,-0.15081734,-0.20236469,-0.16956183,-0.16956183,-0.1836202,-0.16487571,-0.15081734,-0.16487571,-0.15550346,-0.13675897,0.44432022,1.8454709,-0.010233666,-2.5782288,-5.0946767,-5.5492305,-3.5295117,-2.0533831,-0.90059695,-0.35232061,-0.14613122,-0.066467137,-0.019605912,0.041313682,0.088174909,0.12097776,0.16315287,0.22407247,0.28030593,0.35059777,0.4818092,0.62707901,0.80046555,1.0675745,1.3674864,1.7142595,2.0563464,2.3656305,2.5952505,2.7077174,2.6233673,2.3047109,1.812668,1.1894137,0.68331248,0.33185328,0.12097776,0.031941437,-0.033664279,-0.094583873,-0.10864224,-0.11801449,-0.11332837,-0.10395612,-0.085211628,-0.085211628,-0.043036525,-0.057094893,-0.066467137,-0.05240877,-0.075839383,-0.061781015,-0.061781015,-0.080525506,-0.10395612,-0.10864224,-0.11801449,-0.15550346,-0.15081734,-0.17893408,-0.18830632,-0.18830632,-0.19767857,-0.18830632,-0.20705081,-0.23048143,-0.20236469,-0.20705081,-0.22579531,-0.23048143,-0.19767857,-0.18830632,-0.20705081,-0.22110918,-0.17424795,-0.18830632,-0.16956183,-0.12738674,0.0085108242,0.013196947,0.060058173,0.013196947,0.031941437,-0.16018959
-0.31267273,-0.30775501,-0.30775501,-0.25857785,-0.24874241,-0.25857785,-0.22907156,-0.20448297,-0.2438247,-0.20940069,-0.23398927,-0.2143184,-0.21923612,-0.17989439,-0.20940069,-0.18481211,-0.2438247,-0.23398927,-0.2438247,-0.20940069,-0.2438247,-0.23398927,-0.22907156,-0.20940069,-0.22907156,-0.22907156,-0.23890698,-0.23890698,-0.26349556,-0.18972982,-0.21923612,-0.17497667,-0.21923612,-0.14055266,-0.11596408,-0.066786923,0.036485113,0.026649682,0.026649682,-0.081540071,-0.18972982,-0.25857785,-0.29791957,-0.22907156,-0.25366013,-0.2438247,-0.24874241,-0.22415383,-0.2438247,-0.21923612,-0.22907156,-0.17989439,-0.17989439,0.10041542,1.8363692,0.41514925,-2.2551705,-4.6992754,-5.3631671,-3.9173585,-2.3092654,-1.0847542,-0.40610932,-0.17005896,-0.081540071,-0.0028566149,0.026649682,0.085662273,0.10041542,0.14959258,0.18401659,0.23811147,0.36105437,0.47907955,0.61185788,0.78889566,1.0052752,1.2954204,1.6101542,2.013407,2.3084699,2.5887797,2.7363112,2.7264758,2.4560014,1.9593121,1.3691862,0.86757912,0.48399726,0.2774532,0.14959258,0.095497707,0.065991409,0.051238261,0.046320545,0.036485113,0.021731965,0.056155977,0.051238261,0.065991409,0.065991409,0.090579989,0.070909125,0.080744557,0.085662273,0.085662273,0.051238261,0.036485113,0.051238261,0.036485113,0.036485113,0.016814249,0.006978817,0.011896533,-0.0077743309,0.031567397,0.002061101,-0.0028566149,-0.027445195,-0.012692047,-0.017609763,-0.022527479,0.23319375,-0.027445195,-0.042198343,-0.027445195,-0.027445195,-0.012692047,0.002061101,0.085662273,0.12992172,0.20368746,0.16434573,0.20368746,0.056155977,-0.052033775
-0.55696535,-0.59758597,-0.60774112,-0.50618959,-0.52649989,-0.46556898,-0.47572413,-0.47572413,-0.3741726,-0.53665505,-0.34370713,-0.42494836,-0.31324168,-0.38432775,-0.30308653,-0.38432775,-0.44525867,-0.32339683,-0.2218453,-0.38432775,-0.32339683,-0.35386229,-0.29293137,-0.19137984,-0.18122468,-0.18122468,-0.2218453,-0.18122468,-0.21169014,-0.18122468,-0.20153499,0.0015680752,0.17420568,0.092964453,0.032033536,-0.25231076,-0.3741726,-0.3741726,-0.40463806,-0.41479321,-0.099983457,-0.18122468,-0.039052538,-0.079673151,-0.099983457,0.0015680752,0.092964453,0.092964453,0.092964453,0.11327476,0.3671536,1.1795659,-1.5623255,-5.1166292,-6.558661,-3.8878556,-3.0246676,-1.6232565,-0.90224057,-0.21169014,0.032033536,0.26560206,0.23513661,0.3874639,0.33668813,0.35699844,0.41792937,0.30622267,0.37730875,0.3874639,0.46870512,0.50932574,0.58041182,0.73273911,0.8647561,1.057704,1.2100313,1.3725138,1.5451514,1.6974787,1.8294956,1.7584096,1.5553065,1.1592556,0.82413549,0.54994636,0.45854997,0.3671536,0.31637783,0.28591236,0.31637783,0.32653298,0.31637783,0.29606752,0.33668813,0.2554469,0.31637783,0.23513661,0.28591236,0.2554469,0.27575721,0.29606752,0.31637783,0.24529176,0.26560206,0.3671536,0.34684329,0.31637783,0.37730875,0.12342991,0.27575721,0.30622267,0.37730875,0.27575721,0.33668813,0.29606752,0.33668813,0.31637783,0.35699844,0.27575721,0.31637783,0.28591236,0.29606752,0.26560206,0.27575721,0.23513661,0.28591236,0.39761906,0.49917059,0.44839482,0.16405053,-0.049207691,-0.12029377,-0.21169014,-0.14060407,-0.079673151
-0.39231994,-0.41181411,-0.38257287,-0.40206703,-0.41181411,-0.38257287,-0.39231994,-0.42156119,-0.30459624,-0.42156119,-0.31434331,-0.32409039,-0.44105534,-0.39231994,-0.38257287,-0.39231994,-0.36307871,-0.41181411,-0.33383747,-0.36307871,-0.34358455,-0.25586084,-0.27535499,-0.26560792,-0.25586084,-0.23636667,-0.20712544,-0.28510207,-0.21687252,-0.2266196,-0.16813712,-0.16813712,-0.14864297,-0.031678008,0.11452819,0.056045707,-0.090160484,-0.28510207,-0.46054951,-0.51903198,-0.37282579,-0.49953782,-0.15839004,-0.14864297,-0.16813712,-0.14864297,-0.070666326,-0.11940172,0.026804469,0.017057389,0.075539866,-0.070666326,0.30946978,1.0599948,-1.620452,-4.9637002,-6.5719683,-4.203428,-3.0825139,-1.7666581,-0.86992684,-0.11940172,0.026804469,0.17301066,0.27048146,0.17301066,0.27048146,0.2509873,0.28022853,0.32896393,0.30946978,0.27048146,0.40694057,0.41668765,0.51415844,0.582388,0.67985879,0.75783543,1.1867069,1.4108898,1.5570959,1.6643138,1.683808,1.6740609,1.4888664,1.1184773,0.8163179,0.61162924,0.34845809,0.31921685,0.24124021,0.2022519,0.24124021,0.23149314,0.26073438,0.24124021,0.27048146,0.23149314,0.2509873,0.32896393,0.31921685,0.22174606,0.31921685,0.29972269,0.31921685,0.27048146,0.30946978,0.27048146,0.34845809,0.28997561,0.30946978,0.28997561,0.41668765,0.36795225,0.37769933,0.38744641,0.30946978,0.31921685,0.39719348,0.40694057,0.35820517,0.35820517,0.40694057,0.41668765,0.37769933,0.35820517,0.41668765,0.41668765,0.41668765,0.44592888,0.582388,0.62137631,0.68960587,0.40694057,0.2509873,0.21199898
0.26232245,0.29855736,0.29338094,0.31926302,0.3451451,0.33479227,0.31926302,0.32443944,0.30373377,0.3140866,0.32961585,0.29338094,0.28302811,0.23126396,0.22091114,0.22608755,0.18467623,0.19502906,0.17949981,0.15879415,0.14326491,0.15879415,0.13291208,0.13291208,0.12255924,0.11738283,0.12773566,0.091500752,0.096677168,0.075971506,0.086324337,0.07079509,0.12255924,0.19502906,0.28302811,0.27267528,0.30891019,0.4124385,0.16397057,0.081147921,-0.022380383,-0.12073227,-0.053438874,-0.13626152,-0.12073227,-0.14661435,-0.14661435,-0.12590869,-0.11037944,-0.11037944,-0.084497366,-0.07932095,0.58843661,2.6175913,3.4924055,0.21573472,-4.717389,-6.5705456,-4.6397428,-2.8228211,-1.2595436,-0.52966908,-0.30708322,-0.19320209,-0.11555585,-0.094850197,-0.089673781,-0.053438874,-0.0016747222,0.019030938,0.075971506,0.13291208,0.22091114,0.3140866,0.43314416,0.6194951,0.80584606,1.0025498,1.1992536,1.328664,1.4477215,1.452898,1.3752517,1.2199593,0.96113851,0.6867885,0.40726208,0.23126396,0.096677168,0.029383769,-0.017203968,-0.10002661,-0.027556798,-0.074144536,-0.068968121,-0.10002661,-0.074144536,-0.068968121,-0.032733214,-0.043086045,-0.053438874,-0.027556798,-0.048262459,-0.05861529,-0.084497366,-0.089673781,-0.12073227,-0.14143793,-0.14143793,-0.18284925,-0.16732001,-0.22943699,-0.17249642,-0.21908416,-0.23461341,-0.25014265,-0.23978982,-0.23461341,-0.23461341,-0.25531907,-0.25531907,-0.24496624,-0.2656719,-0.26049549,-0.25014265,-0.29155398,-0.2656719,-0.28120115,-0.17767284,-0.094850197,-0.053438874,-0.048262459,0.019030938,-0.13626152,-0.20355492,-0.3329653
-0.32251199,-0.32695458,-0.29585648,-0.2914139,-0.26920099,-0.26920099,-0.25143064,-0.27364356,-0.25587323,-0.26031582,-0.26920099,-0.28252874,-0.27364356,-0.28697132,-0.30918424,-0.27808615,-0.30474166,-0.30029907,-0.2914139,-0.29585648,-0.31362682,-0.2914139,-0.28252874,-0.27808615,-0.28697132,-0.28252874,-0.26920099,-0.2647584,-0.25587323,-0.25143064,-0.24254548,-0.22921773,-0.1536938,-0.051514374,-0.0026459512,0.028452136,0.019566968,-0.08261246,-0.21144739,-0.30918424,-0.33583974,-0.26920099,-0.29585648,-0.29585648,-0.27808615,-0.28697132,-0.2647584,-0.25587323,-0.24254548,-0.21588997,-0.020416286,1.6944211,0.46382536,-2.1217584,-4.667359,-5.64917,-3.9076772,-2.2950192,-1.0821938,-0.42024883,-0.22477515,-0.095940213,-0.033744038,0.019566968,0.06843539,0.1217464,0.15728707,0.22392583,0.29500716,0.37941626,0.49936602,0.64597129,0.81478948,1.054689,1.3034737,1.6499952,1.9609761,2.1786627,2.4940862,2.6318063,2.614036,2.3519235,1.8587966,1.3212441,0.82811723,0.47271052,0.29500716,0.17949999,0.12618898,0.11286123,0.095090891,0.095090891,0.095090891,0.10841865,0.1217464,0.14395932,0.15284448,0.20171291,0.16172965,0.17061482,0.15728707,0.17061482,0.15728707,0.1484019,0.11730381,0.11730381,0.095090891,0.095090891,0.081763143,0.086205726,0.059550223,0.055107639,0.028452136,0.037337304,0.024009552,0.015124384,0.055107639,0.037337304,0.03289472,0.019566968,0.046222471,0.03289472,0.015124384,0.06843539,0.18838516,0.2594665,0.29944975,0.29056459,0.23725358,0.15284448,-0.038186623,-0.078169877,-0.042629206,-0.064842125,-0.08261246,-0.060399541
0.33820884,0.29637703,0.26384118,0.27778511,0.24989723,0.26848915,0.27313713,0.28708107,0.28708107,0.29637703,0.29637703,0.30102501,0.25454522,0.26848915,0.22665734,0.22200936,0.18947351,0.16158563,0.13369776,0.12904977,0.11045785,0.077922004,0.05003413,0.068626046,0.04538615,0.026794233,-0.001093642,-0.001093642,-0.033629497,-0.024333538,-0.056869392,-0.052221413,-0.084757268,-0.056869392,-0.038277476,0.036090192,0.096513921,0.13369776,0.13834573,0.11975381,-0.038277476,-0.17306887,-0.25208452,-0.26138048,-0.25208452,-0.26138048,-0.27067643,-0.27067643,-0.28462038,-0.27532442,-0.27997239,-0.25208452,-0.2567325,0.3475048,1.7093627,-0.145181,-2.7666413,-5.3183818,-5.7831798,-3.7473649,-2.2088837,-1.046889,-0.51237135,-0.33574814,-0.2567325,-0.19630877,-0.16377292,-0.12658908,-0.098701209,-0.042925455,-0.010389601,0.077922004,0.16158563,0.29637703,0.42652044,0.64032749,0.86343049,1.1841411,1.5094996,1.8766899,2.1509207,2.4019116,2.4809273,2.4158556,2.0579611,1.5513314,0.95639008,0.4822962,0.14764169,-0.019685559,-0.12658908,-0.17306887,-0.21490068,-0.19630877,-0.21490068,-0.21490068,-0.21490068,-0.19630877,-0.16842089,-0.13123706,-0.10334918,-0.089405247,-0.10334918,-0.11264514,-0.1219411,-0.1219411,-0.1219411,-0.12658908,-0.145181,-0.13123706,-0.145181,-0.13588504,-0.12658908,-0.10334918,-0.10334918,-0.1219411,-0.13123706,-0.066165351,-0.084757268,-0.10334918,-0.098701209,-0.047573434,-0.042925455,-0.038277476,0.091865942,0.12904977,0.20341744,0.30567298,0.20341744,0.2127134,-0.0057416212,-0.024333538,-0.024333538,-0.089405247,-0.061517371,0.031442213
1.9051987,0.12715014,0.14415836,0.15691453,0.1781748,0.19943508,0.2164433,0.18242686,0.24195563,0.2164433,0.20793919,0.18242686,0.1781748,0.13990631,0.1314022,0.11439397,0.11864604,0.084629594,0.071873422,0.071873422,0.067621368,0.054865203,0.037856982,0.037856982,0.054865203,0.025100817,0.025100817,0.0038405406,0.0038405406,0.016596706,0.0038405406,-0.0046635703,0.0038405406,-0.00041151531,0.033604926,0.10588986,0.14415836,0.21219124,0.20793919,0.2547118,0.059117258,-0.038680012,-0.12797317,-0.17049372,-0.15773756,-0.17474578,-0.22577045,-0.21726633,-0.22151839,-0.25128277,-0.18324989,-0.19600606,-0.16624167,-0.16198962,0.16116659,1.7769476,1.5260763,-1.3993377,-4.9923243,-6.3317218,-4.4182969,-2.6451899,-1.2292555,-0.53617048,-0.30230744,-0.19600606,-0.14072934,-0.076948509,-0.059940288,-0.0046635703,0.037856982,0.088881648,0.14415836,0.2164433,0.28022413,0.38227345,0.57361594,0.76495843,0.99031734,1.2624489,1.5218242,1.730175,1.9767941,2.0490791,2.0490791,1.8747449,1.4707996,1.0370899,0.5863721,0.29723235,0.12289809,0.020848762,-0.068444399,-0.081200565,-0.11521701,-0.10246084,-0.089704675,-0.08545262,-0.055688233,-0.059940288,-0.047184123,-0.042932067,0.0038405406,-0.042932067,-0.021671791,-0.017419736,-0.030175902,-0.064192344,-0.068444399,-0.081200565,-0.064192344,-0.11096495,-0.13647728,-0.15773756,-0.11946906,-0.191754,-0.16198962,-0.1534855,-0.16198962,-0.16624167,-0.14498139,-0.1534855,-0.18324989,-0.18750194,-0.17899783,-0.191754,-0.17899783,-0.2300225,-0.191754,-0.12372112,-0.081200565,-0.047184123,0.0080925956,0.029352871,-0.017419736,-0.16624167
0.046262502,0.097414537,0.12810576,0.087184131,0.13833617,0.025801688,0.15879698,0.097414537,0.15879698,0.097414537,0.087184131,0.12810576,0.16902739,0.12810576,0.16902739,0.066723316,0.13833617,0.16902739,0.26110105,0.12810576,0.056492909,0.097414537,0.20994901,-0.01511994,0.12810576,0.046262502,0.097414537,0.097414537,0.097414537,0.046262502,0.056492909,0.056492909,0.26110105,0.35317472,0.44524838,0.22017942,0.025801688,-0.19926726,-0.30157134,-0.31180175,-0.17880645,0.0053408741,-0.056041568,-0.056041568,-0.01511994,0.0053408741,0.087184131,-0.004889533,0.087184131,0.046262502,0.0053408741,0.25087064,1.1102249,-1.7645195,-5.2735492,-6.8899535,-4.3937342,-3.2786198,-1.8975149,-1.0279302,-0.21972808,-0.004889533,0.097414537,0.087184131,0.26110105,0.24064023,0.32248349,0.33271389,0.31225308,0.26110105,0.39409634,0.50663082,0.39409634,0.50663082,0.59870448,0.66008693,0.93630792,1.0999944,1.3046026,1.5092107,1.6115148,1.5501323,1.5501323,1.2534505,0.93630792,0.44524838,0.36340512,0.16902739,0.19971861,0.066723316,0.15879698,0.076953723,0.20994901,0.10764495,0.015571281,0.056492909,0.076953723,-0.004889533,0.025801688,0.066723316,0.10764495,-0.056041568,0.056492909,0.10764495,0.015571281,-0.035580754,0.025801688,-0.066271975,0.056492909,0.076953723,0.097414537,0.0053408741,0.046262502,-0.004889533,0.036032095,0.056492909,0.11787535,0.066723316,0.087184131,-0.01511994,0.025801688,0.036032095,0.056492909,0.056492909,0.056492909,0.066723316,0.28156186,0.36340512,0.36340512,-0.066271975,-0.17880645,-0.34249297,-0.31180175,-0.22995848,-0.19926726,-0.004889533
-0.24230681,-0.20307618,-0.20307618,-0.13769181,-0.18999931,-0.18999931,-0.19435827,-0.18999931,-0.18999931,-0.23358889,-0.20743515,-0.23358889,-0.22922994,-0.22922994,-0.22487098,-0.32076807,-0.25538369,-0.26846056,-0.24666577,-0.25538369,-0.26846056,-0.25538369,-0.27281952,-0.23794786,-0.25538369,-0.25102473,-0.25102473,-0.19435827,-0.20743515,-0.15076868,-0.081025347,-0.063589513,0.0061538235,0.014871741,0.075897161,-0.12897389,-0.23358889,-0.24230681,-0.31640911,-0.25974265,-0.31205015,-0.30769119,-0.29461431,-0.2858964,-0.27281952,-0.26846056,-0.25102473,-0.23794786,-0.19871723,0.46820342,2.1246077,0.91717616,-2.0425566,-5.2769039,-5.9220298,-3.8863961,-2.2822994,-1.0182014,-0.41666515,-0.22487098,-0.1071791,-0.050512637,0.0061538235,0.041025492,0.058461327,0.13256362,0.18487112,0.22410175,0.31999884,0.39846009,0.54666468,0.71230511,0.91717616,1.1743547,1.4794818,1.775891,2.0505054,2.2292227,2.3381966,2.2858891,2.0374285,1.6015326,1.1264062,0.73409989,0.45512656,0.27205029,0.17615321,0.13692258,0.11948674,0.080256118,0.054102368,0.080256118,0.080256118,0.093332999,0.097691954,0.12384571,0.13256362,0.14999945,0.15435841,0.16743529,0.14128154,0.13256362,0.12820466,0.11512779,0.10205091,0.088974036,0.088974036,0.075897161,0.084615077,0.067179243,0.071538202,0.067179243,0.049743409,0.049743409,0.049743409,0.049743409,0.054102368,0.032307575,0.062820284,0.041025492,0.054102368,0.049743409,0.054102368,0.04538445,0.067179243,0.13692258,0.22410175,0.25025551,0.28076822,0.30692196,0.29820405,0.12384571,0.0192307,0.036666534,-0.04179472,-0.04179472
0.76138641,0.66669181,0.71403911,0.63828342,0.68563073,0.67616127,0.67616127,0.60040558,0.60987504,0.55305828,0.58146665,0.5246499,0.55305828,0.50571097,0.5719972,0.49624151,0.50571097,0.45836367,0.50571097,0.50571097,0.48677205,0.42995528,0.45836367,0.40154691,0.45836367,0.39207745,0.42048583,0.36366907,0.42995528,0.33526068,0.55305828,0.59093612,0.68563073,0.43942475,0.26897445,0.070115784,-0.01510936,0.022768482,0.032237943,0.10799363,0.25003554,0.21215769,0.22162715,0.20268824,0.259505,0.18374931,0.24056608,0.16481039,0.19321877,0.33526068,1.3674319,-0.99046376,-4.2384888,-6.5111593,-4.6930229,-3.3957068,-2.0415739,-0.99046376,-0.39388778,-0.10033451,0.13640201,0.11746309,0.21215769,0.18374931,0.19321877,0.19321877,0.24056608,0.16481039,0.26897445,0.3068523,0.44889421,0.45836367,0.58146665,0.66669181,0.89395886,0.99812293,1.2064511,1.3863708,1.57576,1.5946989,1.5000044,1.1591037,0.89395886,0.43942475,0.20268824,0.00382956,-0.10980396,-0.13821235,-0.18555965,-0.27078479,-0.25184588,-0.26131534,-0.18555965,-0.22343749,-0.18555965,-0.27078479,-0.10980396,-0.17609019,-0.16662073,-0.25184588,-0.21396803,-0.16662073,-0.18555965,-0.20449858,-0.15715127,-0.24237642,-0.31813211,-0.25184588,-0.26131534,-0.24237642,-0.32760156,-0.30866264,-0.28972372,-0.42229617,-0.33707102,-0.38441832,-0.33707102,-0.44123509,-0.33707102,-0.37494886,-0.39388778,-0.36547941,-0.30866264,-0.38441832,-0.31813211,-0.18555965,-0.090865048,-0.024578822,-0.26131534,-0.46964347,-0.59274646,-0.77266621,-0.72531891,-0.64009376,-0.45070455,-0.45070455
0.27509663,0.2802994,0.29590772,0.32192159,0.33752991,0.36354376,0.32192159,0.3947604,0.37394931,0.35313823,0.33232713,0.31671881,0.2802994,0.26989385,0.24387999,0.23347444,0.21266335,0.21266335,0.19185226,0.20746057,0.17104117,0.15023007,0.1450273,0.15023007,0.13462175,0.13462175,0.13462175,0.11901343,0.12941898,0.11381066,0.092999567,0.11381066,0.11381066,0.12421621,0.22306889,0.28550217,0.32712436,0.34273268,0.38435486,0.19705503,0.09820234,-0.052678077,-0.099503034,-0.10470581,-0.15673354,-0.19315295,-0.1827474,-0.2035585,-0.23477514,-0.15153076,-0.1827474,-0.1255169,-0.14112522,0.30631327,1.9555923,3.5372353,0.71212956,-4.3605742,-6.6966193,-5.0421374,-3.1431253,-1.499049,-0.65099698,-0.41166941,-0.28160009,-0.21916682,-0.15153076,-0.15153076,-0.083894715,-0.05788085,-0.005853119,0.014957973,0.07739125,0.12421621,0.15543285,0.36354376,0.4936131,0.67050738,0.86821275,1.0347015,1.1179458,1.3364624,1.3624762,1.3312596,1.2167985,0.94105158,0.69652124,0.37394931,0.18144671,0.087796793,0.0045524269,-0.063083622,-0.094300261,-0.083894715,-0.073489169,-0.094300261,-0.078691942,-0.037069757,-0.052678077,-0.026664212,-0.031866984,0.040971839,-0.026664212,-0.011055892,0.0097552003,-0.00065034654,-0.042272531,-0.031866984,-0.05788085,-0.068286396,-0.083894715,-0.11511135,-0.16193631,-0.12031412,-0.18795018,-0.14632799,-0.13592244,-0.16193631,-0.15673354,-0.11511135,-0.15153076,-0.1827474,-0.1827474,-0.14632799,-0.19315295,-0.16713908,-0.20876127,-0.19315295,-0.073489169,-0.068286396,-0.00065034654,0.046174611,0.10340511,0.092999567,-0.10470581,-0.24518068
0.12198961,0.17001499,0.16564905,0.18747877,0.21367443,0.17874688,0.19621065,0.19621065,0.17438094,0.20930849,0.16564905,0.1307215,0.10452583,0.069598283,0.082696114,0.056500451,0.030304788,0.0215729,0.047768563,0.034670732,-0.013354651,-0.013354651,-0.013354651,-0.017720595,0.0084750685,-0.013354651,-0.022086539,-0.05701409,-0.026452483,0.065232339,0.13945338,0.21367443,0.23550415,0.27479764,0.20494254,0.082696114,-0.10067352,-0.13123513,-0.17926052,-0.12686919,-0.17052863,-0.19235834,-0.14869891,-0.22291995,-0.1574308,-0.14433296,-0.1574308,-0.11377136,0.034670732,1.5933127,1.877099,-0.73810133,-4.4404217,-6.1431398,-4.8682842,-2.85995,-1.4148226,-0.56346358,-0.27094534,-0.14869891,-0.048282202,-0.039550314,0.017206956,0.039036676,0.073964227,0.13945338,0.18747877,0.28789547,0.33155491,0.44506945,0.6284391,0.78561307,1.0650335,1.3226241,1.6151424,1.9076606,2.1041281,2.2351065,2.2176426,2.0866643,1.6500699,1.182914,0.75941741,0.43633757,0.24860198,0.12198961,0.012841012,-0.043916258,-0.017720595,-0.022086539,-0.039550314,-0.03518437,-0.017720595,-0.022086539,-0.013354651,-0.00025681919,-0.0089887068,0.030304788,-0.00025681919,-0.0089887068,-0.00025681919,-0.026452483,-0.048282202,-0.052648146,-0.061380033,-0.074477864,-0.061380033,-0.11813731,-0.13123513,-0.11377136,-0.13123513,-0.11813731,-0.16616269,-0.15306485,-0.14433296,-0.16616269,-0.16179674,-0.17489457,-0.17489457,-0.1879924,-0.14869891,-0.05701409,-0.0089887068,0.039036676,0.056500451,0.091428002,-0.087575696,-0.24038373,-0.297141,-0.37136204,-0.37136204,-0.34080044,-0.3669961,-0.36263016,-0.35389827,-0.34516639
0.19934329,0.24256824,0.21231078,0.24256824,0.22527826,0.24689074,0.24689074,0.21231078,0.22095577,0.19934329,0.18637581,0.18205332,0.16044084,0.14747336,0.12586088,0.15179585,0.12153838,0.095603416,0.099925912,0.1042484,0.065345952,0.078313437,0.069668447,0.065345952,0.043733478,0.065345952,0.082635932,0.030765992,0.061023457,0.15179585,0.1950208,0.24256824,0.23824575,0.29876067,0.15179585,0.056700963,-0.047038916,-0.081618875,-0.072973885,-0.12916632,-0.1464563,-0.15077879,-0.15942378,-0.1421338,-0.13348881,-0.12484382,-0.098908855,-0.12916632,0.048055973,1.6084766,1.8851163,-0.8207655,-4.4862412,-6.1676917,-4.7974608,-2.8220807,-1.3870123,-0.55709332,-0.29342113,-0.17239127,-0.055683905,0.030765992,0.013476013,0.061023457,0.13882836,0.16044084,0.17340832,0.29011569,0.39817806,0.47166047,0.65320526,0.82178256,1.0292624,1.4009969,1.6300891,1.9024062,2.1142086,2.2179484,2.204981,2.0450486,1.5782191,1.0940997,0.64888276,0.36792059,0.17773082,0.095603416,-0.0081364612,-0.0038139664,-0.047038916,-0.05136141,-0.081618875,-0.085941369,-0.10323135,-0.077296379,-0.029748936,-0.029748936,-0.05136141,-0.021103946,-0.055683905,-0.05136141,-0.04271642,-0.094586358,-0.12484382,-0.10323135,-0.15510129,-0.1464563,-0.15510129,-0.15510129,-0.18968125,-0.19832624,-0.20264873,-0.21129372,-0.21561621,-0.20697123,-0.20264873,-0.19832624,-0.24155119,-0.23722869,-0.23722869,-0.23290619,-0.2285837,-0.21993871,-0.19832624,-0.12052133,-0.077296379,-0.029748936,-0.0600064,0.013476013,-0.18968125,-0.28045364,-0.29774362,-0.37987103,-0.33664607,-0.37987103,-0.39716101,-0.37554853
-0.15552114,-0.13856314,-0.12584462,-0.12160513,-0.10888662,-0.091928612,-0.070731103,-0.058012596,-0.058012596,-0.079210106,-0.096168114,-0.083449609,-0.083449609,-0.10464712,-0.12584462,-0.16823965,-0.12584462,-0.15552114,-0.16400014,-0.18095815,-0.16823965,-0.19367666,-0.17671866,-0.19367666,-0.21063467,-0.18943716,-0.19367666,-0.18943716,-0.18095815,-0.21063467,-0.18943716,-0.18095815,-0.12160513,-0.04529409,-0.032575584,0.035256447,0.069172463,0.022537941,-0.13008413,-0.22759268,-0.2784667,-0.30814321,-0.30390371,-0.34629873,-0.33358022,-0.33781973,-0.33781973,-0.26150869,-0.27422719,-0.25726919,-0.22759268,-0.14280263,1.2859095,1.8370448,-0.55403433,-4.1067369,-6.1501769,-4.9715954,-3.008706,-1.5672753,-0.65578238,-0.32934072,-0.20215566,-0.10888662,-0.066491601,-0.024096581,0.026777443,0.035256447,0.11580699,0.17092051,0.26418956,0.3532191,0.46768564,0.61182872,0.84500132,1.0739344,1.3791786,1.6377882,1.9345533,2.1083729,2.3076295,2.2652345,2.0914149,1.7013807,1.213838,0.77716929,0.45920664,0.26842905,0.14124399,0.098848972,0.052214455,0.026777443,0.031016945,0.005579933,0.047974953,0.064932961,0.090369972,0.11156748,0.12428599,0.1454835,0.16668101,0.149723,0.1454835,0.14124399,0.1454835,0.12428599,0.11156748,0.098848972,0.098848972,0.077651467,0.081890969,0.064932961,0.035256447,0.08613047,0.069172463,0.047974953,0.056453957,0.060693458,0.052214455,0.052214455,0.081890969,0.056453957,0.047974953,0.035256447,0.077651467,0.073411964,0.132765,0.20059702,0.26842905,0.31082408,0.32778208,0.28962656,0.149723,0.039495949,0.047974953,-0.019857079
-1.0221689,-1.0676075,-0.96764249,-0.98581796,-0.91311616,-0.94946707,-0.83132661,-0.87676524,-0.77680025,-0.75862479,-0.72227388,-0.76771252,-0.75862479,-0.67683524,-0.65865979,-0.68592297,-0.69501069,-0.62230887,-0.65865979,-0.58595797,-0.60413342,-0.5314316,-0.59504569,-0.54960705,-0.51325614,-0.6313966,-0.50416841,-0.43146659,-0.40420342,-0.45872978,-0.37694023,-0.35876478,-0.34967705,-0.37694023,-0.29515068,-0.24971204,-0.040694309,0.0047443292,-0.14974704,-0.38602795,-0.46781751,-0.59504569,-0.48599296,-0.39511569,-0.31332614,-0.25879977,-0.15883477,-0.1679225,-0.040694309,-0.095220679,0.022919784,-0.07704522,-0.0043433989,0.07744615,0.1592357,1.0134821,-1.185748,-4.3210141,-5.9840681,-3.4667677,-2.921504,-1.4674675,-0.84041434,-0.14065931,0.11379706,0.18649888,0.23193752,0.34099025,0.36825343,0.35916571,0.37734116,0.41369207,0.40460435,0.45004298,0.49548162,0.49548162,0.5863589,0.61362208,0.77720118,0.96804345,1.1043593,1.2134121,1.4678685,1.6314475,1.6768862,1.649623,1.4769562,1.1770612,0.93169254,0.70449936,0.59544662,0.55000798,0.51365707,0.43186752,0.49548162,0.52274481,0.50456934,0.52274481,0.55000798,0.49548162,0.55000798,0.5863589,0.49548162,0.55000798,0.54092026,0.54092026,0.55000798,0.59544662,0.5863589,0.55909571,0.63179753,0.5863589,0.63179753,0.55909571,0.57727117,0.5863589,0.6227098,0.55909571,0.61362208,0.56818344,0.59544662,0.54092026,0.57727117,0.5863589,0.56818344,0.55909571,0.60453435,0.55000798,0.56818344,0.57727117,0.76811345,0.74085026,0.79537663,0.45913071,0.31372707,0.20467433
0.10218179,0.12433855,0.14206397,0.13320126,0.15535803,0.16865209,0.15535803,0.14206397,0.15092667,0.14206397,0.11547585,0.10661314,0.093319083,0.057868258,0.01798608,0.035711492,0.035711492,0.035711492,-0.0086020389,-0.021896098,-0.026327452,-0.017464745,-0.021896098,-0.013033392,-0.035190158,-0.035190158,-0.048484217,-0.035190158,-0.061778277,-0.026327452,0.035711492,0.097750433,0.13763261,0.20853426,0.15092667,0.2528478,0.053436905,-0.070640983,-0.15040534,-0.19915022,-0.16813076,-0.19471887,-0.20801293,-0.22130699,-0.21244428,-0.17699345,-0.18585616,-0.15040534,-0.15040534,-0.11495451,0.73143393,2.2115058,0.74915935,-2.5876496,-5.7250475,-5.8092433,-3.7442327,-2.1179261,-0.93032349,-0.4561687,-0.22573834,-0.10166045,-0.048484217,-0.021896098,0.0046920205,0.053436905,0.10218179,0.12876991,0.19524021,0.29272998,0.36363162,0.49657222,0.67382635,0.88653129,1.1524125,1.4404505,1.7240571,2.0475458,2.1760551,2.2646821,2.2292313,1.9323306,1.4493132,1.0061778,0.57190522,0.31488674,0.16422074,0.066730965,0.022417433,-0.0086020389,-0.035190158,-0.035190158,0.01798608,-0.0086020389,-0.030758804,0.00026066739,0.022417433,0.026848786,0.026848786,0.035711492,0.022417433,0.03128014,-0.035190158,-0.026327452,-0.044052864,-0.057346923,-0.075072336,-0.070640983,-0.11495451,-0.097229101,-0.12824857,-0.11495451,-0.13711128,-0.12824857,-0.1548367,-0.14154264,-0.15926805,-0.14154264,-0.15040534,-0.1548367,-0.15040534,-0.14597399,-0.1548367,-0.061778277,-0.0086020389,0.01798608,0.075593671,0.093319083,0.057868258,-0.11052316,-0.24346376,-0.24346376,-0.27891458,-0.30107134,-0.31879675,-0.34095352
