1,R,O,1,2,1,1,2,1,0,0,0,0
2,R,I,1,2,1,2,2,1,0,0,0,0
3,R,O,1,3,1,1,2,1,0,0,0,0
4,S,O,1,1,1,2,2,1,0,0,0,0
5,S,X,1,2,1,2,2,1,0,0,0,0
6,A,X,1,2,1,1,1,1,1,0,0,0
7,S,X,1,3,1,1,1,1,0,0,0,0
8,S,O,1,3,1,1,2,1,0,0,0,0
9,S,X,2,2,1,1,1,1,0,0,0,0
10,S,X,1,3,1,1,2,1,0,0,0,0
11,S,X,1,2,1,1,1,1,0,0,0,0
12,R,O,1,1,1,2,2,1,0,0,0,0
13,K,I,2,3,2,2,2,1,2,0,0,0
14,A,I,1,3,1,2,2,1,3,0,0,0
15,A,C,2,3,1,1,2,1,2,0,0,0
16,K,C,1,3,1,2,2,2,0,0,0,1
17,R,O,1,2,1,2,2,1,0,0,0,0
18,A,X,1,2,1,2,2,1,0,1,0,0
19,S,I,1,3,1,1,2,1,0,0,0,0
20,S,O,1,3,1,1,2,1,0,0,0,0
21,R,O,1,3,1,1,2,1,0,0,0,0
22,A,X,1,2,1,2,1,1,0,0,0,0
23,K,C,2,3,1,2,2,2,1,3,2,0
24,S,I,1,2,1,2,2,1,0,0,0,0
25,S,X,1,2,1,2,1,1,0,0,0,0
26,X,O,1,3,1,1,2,1,0,0,0,0
27,H,O,2,2,1,2,2,1,1,0,0,0
28,K,I,1,3,1,2,2,1,1,0,0,0
29,S,X,1,2,1,1,1,1,0,0,0,0
30,R,X,1,2,1,1,2,1,0,0,0,0
31,S,X,1,3,1,2,1,1,0,0,0,0
32,S,X,1,2,2,2,2,1,0,0,0,0
33,A,I,2,3,1,2,2,1,0,0,0,0
34,R,O,1,2,1,1,2,1,0,0,0,0
35,A,O,1,3,1,1,2,1,2,0,0,0
36,R,O,1,2,1,1,2,1,0,0,0,0
37,A,O,1,1,1,2,2,1,0,0,0,0
38,R,C,2,3,1,1,2,1,1,0,0,0
39,S,O,2,3,1,2,2,1,0,0,0,0
40,R,X,1,3,1,1,2,1,1,0,0,0
41,S,X,1,2,1,2,1,1,0,0,0,0
42,X,I,1,3,1,1,2,1,0,0,0,0
43,K,I,2,3,1,2,2,2,3,0,0,1
44,S,I,1,3,1,2,2,1,0,0,0,0
45,A,O,1,3,1,2,2,1,1,0,0,0
46,R,O,1,3,1,1,2,1,0,0,0,0
47,S,X,1,2,1,1,2,1,0,0,0,0
48,A,I,2,3,1,2,2,1,0,1,0,0
49,S,O,1,3,1,1,2,1,0,1,0,0
50,A,I,2,2,3,2,2,1,0,0,0,1
51,S,I,1,3,1,1,2,1,1,0,0,0
52,S,X,1,3,1,1,1,1,0,0,0,0
53,R,O,1,3,1,1,2,1,0,0,0,0
54,R,X,1,3,1,1,2,1,0,0,0,0
55,A,I,2,3,1,2,2,1,1,0,0,0
56,K,I,2,2,1,2,2,1,1,0,0,0
57,R,I,1,2,1,2,2,1,1,0,0,1
58,R,O,1,3,1,1,2,1,0,0,0,0
59,K,I,1,2,1,2,2,1,1,0,0,1
60,X,O,1,3,1,1,2,1,0,0,0,0
61,R,O,1,1,1,1,2,1,0,0,0,0
62,A,I,1,3,1,2,2,1,0,0,0,0
63,S,X,1,2,1,2,2,1,0,0,0,0
64,S,X,1,3,1,2,2,1,1,0,0,0
65,X,O,1,3,1,1,2,1,0,0,0,0
66,S,X,1,2,1,1,2,1,0,0,0,0
67,S,I,2,2,1,2,2,1,3,0,0,0
68,S,O,1,2,1,1,2,1,1,0,0,0
69,S,X,1,2,1,1,2,1,0,0,0,0
70,S,I,2,3,1,2,2,1,0,0,0,0
71,X,I,1,2,1,1,2,1,0,0,0,0
72,R,X,1,3,1,2,2,1,0,0,0,0
73,S,O,1,2,1,2,2,1,0,0,0,0
74,R,O,1,2,1,1,2,1,0,0,0,0
75,S,X,1,2,1,2,1,1,0,0,0,0
76,K,C,2,2,1,2,2,1,4,0,0,1
77,S,X,1,3,1,2,2,1,0,0,0,0
78,S,I,1,2,1,2,2,1,0,0,0,0
79,R,X,1,1,1,1,2,1,0,0,0,0
80,A,O,1,2,1,2,2,1,0,0,0,0
81,R,X,1,2,1,1,2,1,0,0,0,0
82,R,I,2,3,1,2,2,1,1,0,0,0
83,R,I,2,2,1,2,2,1,0,0,0,0
84,S,O,1,2,1,1,2,1,1,0,0,0
85,A,X,1,3,1,1,1,1,0,0,0,0
86,X,O,1,1,1,1,2,1,0,0,0,0
87,S,X,1,2,1,1,2,1,1,0,0,0
88,R,X,1,3,1,2,2,1,0,0,0,0
89,X,O,2,3,1,1,2,1,0,0,0,0
90,R,X,1,3,1,1,2,1,0,0,0,0
91,A,I,2,3,1,1,2,1,3,0,0,0
92,A,I,1,3,1,1,2,1,0,0,0,0
93,R,O,1,3,1,1,2,1,1,0,0,0
94,X,O,1,3,1,1,2,1,0,0,0,0
95,S,I,1,3,1,1,2,1,0,0,0,0
96,R,O,1,2,1,1,2,1,0,0,0,0
97,H,O,1,3,1,2,2,1,0,0,0,0
98,X,O,1,3,1,1,2,1,0,0,0,0
99,R,O,1,2,1,2,2,1,0,0,0,0
100,S,I,1,2,1,2,2,1,0,3,0,0
101,S,X,1,2,1,2,1,1,0,0,0,0
102,A,O,1,2,1,2,2,1,1,0,0,0
103,A,O,1,2,1,1,2,1,0,0,0,0
104,A,I,1,2,1,1,2,1,0,0,0,0
105,S,O,1,2,1,1,2,1,0,0,0,0
106,S,O,2,3,1,1,2,1,1,0,0,0
107,S,O,1,1,3,2,2,1,0,0,0,0
108,A,I,1,3,1,1,2,1,0,0,0,0
109,S,X,1,2,1,1,1,1,0,0,0,0
110,A,I,1,3,1,2,2,1,0,0,0,0
111,S,X,1,2,1,1,1,1,0,0,0,0
112,X,O,1,3,1,1,2,1,0,0,0,0
113,K,C,2,2,2,2,2,2,4,0,0,0
114,S,X,1,2,1,1,1,1,1,0,0,0
115,S,O,1,3,1,1,2,1,0,0,0,0
116,H,I,2,3,1,2,2,1,0,0,0,0
117,R,X,1,2,1,1,1,1,0,0,0,0
118,A,X,2,3,2,2,2,1,0,0,0,0
119,A,I,1,2,1,2,2,1,0,0,0,0
120,S,O,1,2,1,1,2,1,2,0,0,0
121,S,O,2,2,1,1,2,1,1,0,0,0
122,S,X,1,2,1,1,2,1,0,0,0,0
123,H,O,1,3,1,1,2,1,1,0,0,0
124,S,X,1,2,1,1,1,1,0,0,0,0
125,X,O,1,3,1,1,2,1,0,0,0,0
126,X,O,1,2,1,1,2,1,0,0,0,0
127,S,X,1,2,1,1,1,1,0,0,0,0
128,S,X,1,3,1,2,2,1,0,0,0,0
129,S,X,1,2,1,1,1,1,0,0,0,0
130,A,I,1,3,1,1,2,1,0,0,0,0
131,R,X,1,3,1,1,2,1,0,0,0,0
132,R,X,1,2,1,1,2,1,0,0,0,0
133,R,X,1,2,1,1,2,1,0,0,0,0
134,R,I,1,3,1,1,2,1,1,0,0,0
135,S,O,1,3,1,1,2,1,0,0,0,0
136,S,X,1,2,1,1,2,1,0,0,0,0
137,X,O,1,3,1,1,2,1,0,0,0,0
138,S,X,1,2,1,2,1,1,0,0,0,0
139,K,I,1,2,1,2,2,2,0,0,0,1
140,S,X,2,3,1,1,2,1,0,0,0,0
141,S,O,1,2,1,1,2,1,3,0,0,0
142,A,I,1,2,1,2,2,1,0,0,0,0
143,R,O,1,3,1,1,2,1,0,0,0,0
144,X,O,1,2,1,1,2,1,0,0,0,0
145,R,O,1,2,1,1,2,1,0,0,0,0
146,R,X,1,2,1,1,2,1,0,0,0,0
147,S,X,1,2,1,1,2,1,0,0,0,0
148,S,O,1,2,1,1,2,1,3,0,0,0
149,R,O,1,2,1,1,2,1,0,0,0,0
150,S,X,1,2,1,1,2,1,0,0,0,0
151,A,X,1,2,1,1,2,1,0,0,0,0
152,A,O,2,3,1,1,2,1,0,0,0,0
153,S,O,2,3,2,1,2,1,1,0,0,0
154,S,X,1,3,1,1,1,1,0,0,0,0
155,X,O,1,3,1,1,2,1,0,0,0,0
156,A,I,2,2,3,2,2,1,0,0,0,0
157,K,I,1,3,1,2,2,1,1,0,0,0
158,H,O,1,2,1,2,2,1,1,0,0,1
159,R,I,1,3,1,1,2,1,0,0,0,0
160,X,O,1,3,1,1,2,1,0,0,0,0
161,X,I,1,2,1,1,2,1,0,0,0,0
162,A,X,1,2,1,1,1,1,0,0,0,0
163,S,I,1,2,1,2,2,1,0,0,0,0
164,S,O,2,2,2,2,2,1,1,1,0,0
165,A,O,1,3,1,1,2,1,0,0,0,0
166,A,I,1,2,1,2,2,1,0,0,0,0
167,A,I,1,3,1,2,2,1,0,1,0,0
168,K,C,2,2,3,2,2,2,2,2,0,0
169,A,X,1,2,1,2,1,1,0,0,0,0
170,R,X,1,1,1,1,2,1,0,0,0,0
171,S,X,1,2,1,2,1,1,0,0,0,0
172,S,O,1,1,1,2,2,1,0,0,0,0
173,H,X,1,2,1,1,1,1,0,0,0,0
174,A,X,1,2,1,2,2,1,0,0,0,0
175,A,X,1,2,1,1,1,1,0,0,0,0
176,S,I,2,3,1,1,2,1,0,0,0,0
177,S,X,1,3,1,2,2,1,0,0,0,0
178,S,O,1,2,1,1,2,1,0,0,0,0
179,S,O,2,2,1,1,2,1,0,0,0,0
180,S,I,2,2,1,2,2,1,2,0,0,1
181,S,I,1,3,1,1,2,1,0,0,0,0
182,S,O,1,3,1,2,2,1,0,0,0,0
183,R,O,1,3,1,1,2,1,0,0,0,0
184,R,O,1,3,1,2,2,1,0,0,0,0
185,S,O,1,2,1,2,2,1,0,0,0,0
186,R,O,1,3,1,1,2,1,1,0,0,0
187,A,O,1,3,1,2,2,1,0,0,0,0
188,S,X,1,2,1,1,2,1,0,0,0,0
189,A,I,2,2,1,2,2,1,1,0,0,0
190,R,X,2,1,1,2,2,1,0,0,0,0
191,S,X,1,3,1,1,2,1,0,0,0,0
192,A,X,1,2,1,2,2,1,0,0,0,0
193,S,X,1,3,1,2,1,1,0,0,0,0
194,A,I,2,3,1,2,2,1,0,0,0,0
195,S,X,1,2,1,1,2,1,0,0,0,0
196,A,O,1,3,1,2,2,1,0,0,0,0
197,X,O,1,2,1,1,2,1,0,0,0,0
198,S,O,2,3,1,2,2,1,5,0,0,0
199,R,O,1,2,1,1,2,1,0,0,0,0
200,R,X,1,2,1,1,2,1,0,0,0,0
201,R,O,1,3,1,1,2,1,0,0,0,0
202,S,O,1,3,1,2,2,1,0,0,0,0
203,X,I,1,2,1,1,2,1,0,0,0,0
204,A,O,1,2,1,2,2,1,0,0,0,0
205,R,O,1,3,1,1,2,1,0,0,0,0
206,R,X,1,2,1,1,2,1,0,0,0,0
207,S,X,1,2,1,1,1,1,0,0,0,0
208,K,I,1,2,1,2,2,1,1,0,0,0
209,K,I,2,3,1,2,2,1,2,0,0,0
210,S,X,1,2,1,2,2,1,0,0,0,0
211,S,O,1,3,1,1,2,1,0,0,0,0
212,S,O,1,2,1,2,2,1,0,0,0,0
213,X,O,1,3,1,1,2,1,0,0,0,0
214,A,O,1,3,1,2,2,1,0,0,0,0
215,A,I,2,2,1,2,2,1,0,0,0,1
216,R,X,1,2,1,1,2,1,0,0,0,0
217,S,I,1,2,1,1,2,1,0,0,0,0
218,S,X,1,3,1,1,1,1,0,0,0,0
219,S,X,1,3,1,2,1,1,0,0,0,0
220,A,O,1,1,1,2,2,1,3,0,0,0
221,X,O,1,2,1,1,2,1,0,0,0,0
222,S,X,1,2,1,1,2,1,0,0,0,0
223,X,O,1,1,1,1,2,1,0,0,0,0
224,R,C,2,3,1,1,2,1,0,0,0,0
225,R,X,2,2,1,2,2,1,0,0,0,0
226,S,X,1,2,1,2,2,1,0,0,0,0
227,S,X,1,2,1,2,1,1,0,0,0,0
228,S,I,1,3,1,2,2,1,1,0,0,0
229,X,O,1,2,1,1,2,1,0,0,0,0
230,X,O,1,2,1,2,2,1,0,0,0,0
231,S,O,2,3,3,1,2,1,0,0,0,0
232,S,X,2,2,1,1,2,1,0,0,0,0
233,S,X,1,2,1,1,1,1,0,0,0,0
234,X,O,1,3,1,1,2,1,0,0,0,0
235,R,X,1,3,1,1,2,1,0,0,0,0
236,S,X,1,3,1,1,1,1,0,0,0,0
237,S,O,1,3,1,1,2,1,0,0,0,0
238,S,X,1,2,1,2,1,1,0,0,0,0
239,R,O,1,3,1,1,2,1,0,0,0,0
240,R,O,1,2,1,1,2,1,0,0,0,0
241,R,O,1,3,1,1,2,1,0,0,0,0
242,R,O,1,3,1,1,2,1,0,0,0,0
243,S,O,1,3,1,1,2,1,0,0,0,0
244,A,X,1,2,1,2,2,1,0,0,0,0
245,R,X,1,2,1,2,2,1,0,0,0,0
246,S,X,1,3,1,1,1,1,1,0,0,0
247,A,I,1,3,1,1,2,1,0,0,0,1
248,A,O,1,2,1,2,2,1,0,0,0,0
249,R,X,1,1,1,2,2,1,0,0,0,0
250,R,O,1,3,1,1,2,1,0,0,0,0
251,S,O,1,2,1,1,2,1,0,0,0,0
252,X,O,1,3,1,1,2,1,0,0,0,0
253,S,O,1,3,1,1,2,1,0,0,0,0
254,R,O,1,3,1,1,2,1,0,0,0,0
255,X,I,1,3,1,1,2,1,0,0,0,0
256,A,I,2,3,3,2,2,1,6,0,0,0
257,R,X,1,3,1,1,2,1,0,0,0,0
258,R,O,1,2,1,1,2,1,0,0,0,0
259,X,O,1,1,1,1,2,1,0,0,0,0
260,S,X,1,3,1,1,1,1,0,0,0,0
261,X,O,1,3,1,1,2,1,0,0,0,0
262,A,I,1,3,1,2,2,1,1,0,0,0
263,S,O,1,3,1,1,2,1,0,0,0,0
264,K,C,2,3,3,2,2,2,6,0,0,0
265,K,C,2,3,1,2,2,2,0,0,0,0
266,S,X,1,3,1,1,1,1,0,0,0,0
267,S,I,1,3,1,2,2,1,2,0,0,1
268,S,I,2,2,1,2,2,1,0,0,0,0
269,S,X,1,3,1,1,1,1,0,0,0,0
270,K,C,2,2,3,2,2,2,0,0,0,0
271,X,O,1,3,1,1,2,1,0,0,0,0
272,S,X,1,2,1,1,2,1,0,0,0,0
273,S,X,1,2,1,2,2,1,0,0,0,0
274,S,O,1,2,1,2,2,1,0,0,0,0
275,S,X,1,2,1,1,2,1,0,0,0,0
276,A,I,1,3,1,1,2,1,0,0,0,0
277,X,O,1,3,1,1,2,1,0,0,0,0
278,S,X,1,2,1,1,2,1,1,0,0,0
279,S,O,1,3,1,1,2,1,0,0,0,0
280,A,I,1,2,1,2,2,1,0,0,0,0
281,A,O,1,3,1,1,2,1,0,0,0,0
282,A,I,2,3,1,2,2,1,0,0,0,0
283,S,O,1,3,1,1,2,1,6,0,0,0
284,A,X,1,3,1,2,2,1,0,0,0,0
285,K,I,1,3,1,2,2,1,0,0,0,0
286,A,O,1,3,1,2,2,1,0,0,0,0
287,X,O,1,3,1,1,2,1,0,0,0,0
288,S,O,1,3,1,1,2,1,0,0,0,0
289,A,X,1,3,1,2,1,1,0,0,0,0
290,R,I,1,3,1,1,2,1,2,0,0,0
291,R,O,1,3,1,1,2,1,0,0,0,0
292,R,O,1,3,1,1,2,1,5,0,0,0
293,S,X,1,3,1,1,1,1,0,0,0,0
294,H,I,1,3,1,2,2,1,1,1,0,0
295,S,X,1,2,1,1,2,1,0,0,0,0
296,A,O,1,2,1,2,2,1,0,0,0,0
297,H,C,2,3,1,2,2,1,0,0,0,0
298,X,O,1,2,1,2,2,1,1,0,0,0
299,S,O,1,3,1,1,2,1,0,0,0,0
300,A,I,1,3,1,2,2,1,0,0,0,0
301,S,I,2,3,1,2,2,1,0,0,0,0
302,R,O,1,3,1,1,2,1,0,0,0,0
303,S,X,1,2,1,1,1,1,1,0,0,0
304,X,O,1,1,1,1,2,1,0,0,0,0
305,S,O,2,2,1,1,2,1,0,0,0,1
306,R,X,1,1,1,2,2,1,0,0,0,0
307,R,O,1,3,1,1,2,1,0,0,0,0
308,S,X,1,2,1,1,1,1,0,0,0,0
309,K,I,1,3,1,2,2,2,0,0,0,0
310,H,X,1,2,1,1,1,1,0,0,0,0
311,X,O,1,2,1,1,2,1,0,0,0,0
312,X,I,1,2,1,2,2,1,1,0,0,0
313,S,O,1,2,1,2,2,1,0,0,0,0
314,S,X,1,2,1,1,2,1,0,0,0,0
315,A,X,1,3,1,1,2,1,0,0,0,0
316,S,O,1,3,1,1,2,1,0,0,0,0
317,R,I,1,2,1,2,2,1,0,0,0,0
318,R,O,1,3,1,1,2,1,0,0,0,0
319,R,X,1,3,1,1,2,1,0,0,0,0
320,S,O,1,2,1,2,2,1,0,0,0,0
321,R,O,1,2,1,1,2,1,0,0,0,0
322,X,O,1,3,1,1,2,1,0,0,0,0
323,X,O,1,3,1,1,2,1,0,0,0,0
324,A,I,1,2,1,2,2,1,1,0,0,0
325,S,X,1,3,1,1,1,1,0,0,0,0
326,A,X,1,3,1,1,1,1,0,0,0,0
327,A,O,1,2,1,1,2,1,0,0,0,0
328,R,X,1,1,1,1,2,1,1,0,0,0
329,S,O,1,2,1,1,2,1,0,0,0,0
330,R,X,1,2,1,1,2,1,0,0,0,0
331,S,X,1,2,1,1,1,1,0,1,0,0
332,H,X,1,3,1,1,1,1,0,0,0,0
333,R,O,1,2,1,1,2,1,0,0,0,0
334,S,X,1,2,1,1,2,1,0,0,0,0
335,A,I,1,2,1,2,2,1,4,0,0,0
336,R,I,1,3,1,2,2,1,0,0,0,0
337,A,I,1,3,1,1,2,1,1,0,0,0
338,S,X,1,3,1,1,1,1,0,0,0,0
339,A,X,1,2,1,2,2,1,0,0,0,0
340,A,I,1,2,1,2,2,1,1,0,0,0
341,S,X,1,3,1,1,2,1,0,0,0,0
342,K,C,2,3,3,2,2,2,0,5,1,0
343,S,X,1,2,1,2,2,1,0,0,0,0
344,R,O,1,3,1,1,2,1,0,0,0,0
345,R,O,1,2,1,1,2,1,0,0,0,0
346,R,X,1,2,1,1,1,1,0,0,0,0
347,S,X,1,3,1,1,1,1,2,0,0,0
348,S,O,2,2,1,1,2,1,0,0,0,0
349,A,I,1,3,1,1,2,1,0,0,0,0
350,X,O,1,3,1,1,2,1,0,0,0,0
351,S,X,1,1,1,1,2,1,0,0,0,0
352,A,C,2,1,3,2,2,1,5,0,0,0
353,A,O,1,2,1,2,2,1,4,1,0,0
354,S,X,1,3,1,1,2,1,1,0,0,0
355,A,I,1,3,1,2,2,1,1,0,0,0
356,X,I,1,1,1,2,2,1,0,0,0,0
357,R,X,1,2,1,1,2,1,0,0,0,0
358,A,I,1,2,1,2,2,1,0,0,0,0
359,A,X,1,2,1,2,2,1,0,0,0,0
360,X,O,1,3,1,1,2,1,0,0,0,0
361,S,X,1,3,1,1,1,1,0,0,0,0
362,X,O,1,2,1,2,2,1,0,0,0,0
363,A,I,2,2,1,2,2,1,0,0,0,0
364,X,O,1,1,1,1,2,1,0,0,0,0
365,X,O,1,3,1,1,2,1,0,0,0,0
366,A,O,2,2,3,2,2,1,0,0,0,0
367,X,O,2,2,1,1,2,1,0,0,0,0
368,S,O,1,3,1,1,2,1,0,0,0,0
369,S,X,1,2,1,1,2,1,0,0,0,0
370,S,X,1,1,1,1,2,1,0,0,0,0
371,A,I,2,2,1,2,2,1,1,0,1,1
372,S,O,2,1,1,1,2,1,0,0,0,0
373,H,O,1,3,1,1,2,1,0,0,0,0
374,A,I,2,2,1,2,2,1,2,0,0,1
375,R,O,1,3,1,1,2,1,0,0,0,0
376,S,O,1,2,1,1,2,1,0,0,0,0
377,S,O,1,2,1,1,2,1,0,0,0,0
378,A,X,1,2,1,2,2,1,0,0,0,0
379,R,O,1,2,1,1,2,1,0,0,0,0
380,X,O,1,1,1,1,2,1,0,0,0,0
381,X,O,1,1,1,2,2,1,0,0,0,0
382,R,O,1,2,1,2,2,1,0,0,0,0
383,A,I,1,2,1,2,2,1,0,0,0,0
384,S,X,1,2,1,2,2,1,0,0,0,0
385,S,X,1,3,1,2,2,1,0,0,0,0
386,R,O,1,3,1,1,2,1,0,0,0,0
387,A,I,1,2,1,2,2,1,0,0,0,1
388,R,X,1,3,1,1,2,1,0,0,0,0
389,K,I,2,2,3,2,2,1,0,0,0,1
390,S,X,1,2,1,2,2,1,0,0,0,0
391,S,X,1,3,1,2,1,1,0,0,0,0
392,A,O,2,3,1,1,2,1,0,0,0,0
393,R,I,1,3,1,1,2,1,2,0,0,0
394,S,O,1,3,1,1,2,1,0,0,0,0
395,X,O,1,3,1,1,2,1,0,0,0,0
396,R,O,1,3,1,1,2,1,0,0,0,0
397,A,I,2,2,1,2,2,1,0,0,0,0
398,R,I,1,3,1,1,2,1,1,0,0,0
399,X,O,1,3,1,1,2,1,0,0,0,0
400,X,O,1,3,1,1,2,1,0,0,0,0
401,R,O,1,3,1,1,2,1,1,0,0,0
402,A,I,1,3,1,1,2,1,0,2,0,0
403,S,X,1,2,1,1,1,1,0,0,0,0
404,R,X,1,3,1,1,2,1,0,0,0,0
405,A,I,1,3,1,2,2,1,3,0,0,0
406,S,O,1,2,1,1,2,1,0,0,0,0
407,S,O,1,2,1,1,2,1,0,0,0,0
408,R,X,1,3,1,1,2,1,0,0,0,0
409,A,I,2,2,1,2,2,1,1,0,0,0
410,A,I,2,3,1,2,2,1,2,0,0,0
411,A,I,1,2,1,2,2,1,2,0,0,1
412,R,O,1,2,1,2,2,1,0,0,0,0
413,A,I,2,2,1,2,2,1,3,0,0,0
414,A,I,1,2,1,2,2,1,0,0,0,0
415,A,X,1,1,1,2,2,1,0,0,0,0
416,S,O,2,2,1,1,2,1,0,0,0,0
417,X,O,1,2,1,1,2,1,0,0,0,0
418,R,X,1,1,1,1,2,1,0,0,0,0
419,S,X,1,3,1,2,2,1,0,0,0,0
420,K,I,2,2,1,2,2,1,2,0,0,0
421,R,O,1,3,1,1,2,1,1,0,0,0
422,H,O,1,2,1,2,2,1,0,0,0,0
423,S,X,1,3,1,1,2,1,0,0,0,0
424,S,X,1,2,1,1,1,1,0,0,0,0
425,S,X,1,2,1,2,1,1,0,0,0,0
426,A,O,1,3,1,2,2,1,0,0,0,0
427,S,X,1,1,1,2,2,1,1,0,0,0
428,S,X,1,3,1,1,1,1,0,0,0,0
429,S,I,1,3,1,1,2,1,0,0,0,0
430,A,O,1,3,1,2,2,1,0,0,0,0
431,X,I,1,3,1,1,2,1,0,0,0,0
432,S,X,1,3,1,1,2,1,0,0,0,0
433,A,I,1,3,1,1,2,1,0,1,0,0
434,S,X,1,2,1,2,1,1,0,0,0,0
435,S,O,1,1,1,2,2,1,0,0,0,0
436,S,I,1,3,1,2,2,1,5,1,0,0
437,S,X,1,3,1,1,2,1,0,0,0,0
438,R,O,1,3,1,1,2,1,0,0,0,0
439,R,X,1,1,1,2,2,1,0,0,0,0
440,A,I,2,2,1,2,2,1,0,0,0,0
441,R,O,1,2,1,1,2,1,0,0,0,0
442,X,O,1,2,1,1,2,1,0,0,0,0
443,S,X,1,2,1,1,2,1,0,0,0,0
444,S,O,1,2,1,1,2,1,0,0,0,0
445,R,O,1,3,1,1,2,1,0,0,0,0
446,R,O,1,2,1,2,2,1,0,0,0,0
447,S,O,1,3,1,1,2,1,1,0,0,0
448,R,O,1,2,1,2,2,1,0,0,0,0
449,S,O,2,3,3,1,2,1,0,1,0,0
450,H,X,1,2,1,1,2,1,0,0,0,0
451,S,X,1,3,1,2,1,1,0,0,0,0
452,R,I,1,2,1,2,2,1,1,0,0,0
453,A,C,2,2,1,2,2,1,0,0,0,0
454,X,O,1,2,1,1,2,1,0,0,0,0
455,S,I,1,3,1,1,2,1,0,0,0,0
456,A,I,2,3,2,1,2,1,0,0,0,0
457,X,O,1,2,1,1,2,1,0,0,0,0
458,S,O,1,3,1,2,2,1,0,0,0,0
459,R,O,2,2,1,2,2,1,0,0,0,0
460,X,O,1,3,1,1,2,1,0,0,0,0
461,S,O,1,2,1,1,2,1,0,0,0,0
462,S,X,1,3,1,1,2,1,0,0,0,0
463,A,C,2,3,1,2,2,1,0,0,0,0
464,K,C,2,3,3,2,2,2,1,0,1,0
465,S,I,1,2,1,2,2,1,0,0,0,0
466,S,O,2,2,1,2,2,1,0,0,0,0
467,S,X,1,2,1,1,2,1,0,0,0,0
468,S,O,1,3,1,1,2,1,0,0,0,0
469,S,X,1,3,1,2,2,1,0,0,0,0
470,S,X,1,2,1,1,1,1,0,0,0,0
471,R,X,1,2,1,1,2,1,0,0,0,0
472,A,C,2,2,3,2,2,1,0,0,0,0
473,A,I,1,3,1,1,2,1,0,0,0,0
474,A,I,2,2,1,2,2,1,1,0,0,0
475,S,O,1,3,1,1,2,1,1,0,0,0
476,S,O,1,3,1,1,2,1,0,0,0,0
477,R,O,2,2,1,1,2,1,0,0,0,0
478,S,O,1,3,1,1,2,1,1,0,0,0
479,S,X,1,1,1,2,2,1,0,0,0,0
480,A,I,1,2,1,2,2,1,0,0,0,0
481,S,O,1,2,1,1,2,1,0,0,0,0
482,S,O,2,3,1,1,2,1,0,0,0,0
483,A,I,1,3,1,1,2,1,0,0,0,0
484,X,I,1,3,1,1,2,1,0,0,0,0
485,X,O,1,1,1,2,2,1,0,0,0,0
486,A,I,2,3,1,1,2,1,0,0,0,0
487,X,O,1,3,1,1,2,1,0,0,0,0
488,S,O,1,2,1,1,2,1,0,0,0,0
489,S,X,1,2,1,2,2,1,0,0,0,0
490,R,O,1,3,1,1,2,1,0,0,0,0
491,R,O,1,2,1,1,2,1,0,0,0,0
492,S,X,1,2,1,1,1,1,0,0,0,0
493,S,I,2,2,1,2,2,1,0,0,0,0
494,A,O,1,3,1,1,2,1,0,0,0,0
495,X,O,1,2,1,1,2,1,0,0,0,0
496,S,X,1,2,1,2,1,1,0,0,0,0
497,K,I,1,2,1,2,2,1,4,0,0,1
498,X,O,1,3,1,1,2,1,0,0,0,0
499,S,O,1,3,1,2,2,1,0,0,0,0
500,S,I,2,2,1,2,2,1,0,0,0,0
501,S,X,1,3,1,1,2,1,0,0,0,0
502,S,X,1,3,1,1,1,1,0,0,0,0
503,A,I,1,2,1,2,2,1,1,0,0,0
504,S,O,1,3,1,1,2,1,1,0,0,0
505,A,O,2,3,1,1,2,1,0,0,0,0
506,S,X,1,3,1,1,2,1,0,0,0,0
507,X,O,1,3,1,1,2,1,0,0,0,0
508,K,C,2,3,1,2,2,2,2,1,0,0
509,A,X,1,2,1,1,1,1,0,0,0,0
510,X,O,1,3,1,1,2,1,0,0,0,0
511,A,O,1,3,1,1,2,1,0,0,0,0
512,R,I,1,3,1,1,2,1,0,0,0,0
513,A,C,1,3,1,1,2,1,3,1,0,0
514,A,O,1,1,1,2,2,1,0,0,0,0
515,A,O,1,2,1,2,2,1,0,0,0,0
516,S,X,1,2,1,1,2,1,0,0,0,0
517,R,O,1,2,1,1,2,1,0,0,0,0
518,R,X,1,3,1,1,2,1,0,0,0,0
519,S,I,1,3,1,2,2,1,0,0,0,1
520,S,O,1,3,1,1,2,1,2,1,0,0
521,S,O,1,3,1,1,2,1,3,0,0,0
522,S,O,1,2,1,2,2,1,0,0,0,0
523,S,X,1,2,1,1,1,1,0,0,0,0
524,R,O,1,3,1,1,2,1,0,0,0,0
525,A,O,2,2,3,2,2,1,0,0,0,0
526,A,I,1,3,1,2,2,1,0,0,0,0
527,S,O,1,3,1,1,2,1,0,0,0,0
528,R,O,1,2,1,2,2,1,0,0,0,0
529,A,I,2,3,3,2,2,1,1,0,0,0
530,X,O,1,3,1,1,2,1,0,0,0,0
531,A,X,1,2,1,1,1,1,0,0,0,0
532,A,I,1,3,1,2,2,1,0,0,0,0
533,R,X,1,3,1,2,2,1,0,0,0,0
534,R,O,1,3,1,1,2,1,0,0,0,0
535,K,C,2,2,3,2,2,2,0,0,0,0
536,X,O,1,2,1,1,2,1,0,0,0,0
537,S,O,1,3,1,1,2,1,0,0,0,0
538,A,I,1,2,1,2,2,1,0,0,0,0
539,R,O,1,3,1,1,2,1,0,0,0,0
540,R,O,1,1,1,1,2,1,0,0,0,0
541,R,O,1,1,1,1,2,1,0,0,0,0
542,S,O,1,2,1,2,2,1,0,0,0,0
543,S,X,1,3,1,1,2,1,0,0,0,0
544,X,O,1,1,1,1,2,1,0,0,0,0
545,A,I,1,2,1,1,2,1,0,0,0,0
546,A,I,1,2,1,2,2,1,0,0,0,1
547,A,X,1,2,1,1,1,1,0,0,0,0
548,K,O,1,2,1,1,2,1,2,0,0,0
549,S,X,1,2,1,1,1,1,0,0,0,0
550,X,O,1,2,1,1,2,1,0,0,0,0
551,S,X,2,2,1,1,2,1,0,0,0,0
552,R,O,1,2,1,2,2,1,0,0,0,0
553,H,O,1,2,1,2,2,1,0,0,0,0
554,A,C,1,3,1,2,2,1,0,0,0,0
555,S,X,1,2,1,1,1,1,0,0,0,0
556,S,X,1,2,1,1,2,1,0,0,0,0
557,S,X,1,3,1,1,2,1,0,0,0,0
558,X,O,1,3,1,1,2,1,0,0,0,0
559,R,O,1,3,1,1,2,1,0,0,0,0
560,S,X,1,3,1,2,2,1,0,0,0,0
561,S,X,1,2,1,1,2,1,0,0,0,0
562,S,X,1,3,1,1,1,1,0,0,0,0
563,S,O,2,2,2,1,2,1,0,0,0,0
564,X,O,1,3,1,1,2,1,1,0,0,0
565,X,O,1,3,1,1,2,1,0,0,0,0
566,A,I,1,2,1,1,2,1,0,0,0,0
567,H,O,1,3,1,2,2,1,0,0,0,0
568,R,X,1,2,1,2,1,1,0,0,0,0
569,S,X,1,2,1,1,1,1,0,0,0,0
570,S,X,1,3,1,2,2,1,0,0,0,0
571,S,O,1,3,1,1,2,1,0,0,0,0
572,S,X,1,3,1,1,2,1,0,0,0,0
573,R,O,1,2,1,1,2,1,0,0,0,0
574,A,I,2,3,1,1,2,1,2,0,0,0
575,A,I,1,2,1,2,2,2,1,0,0,1
576,A,O,1,2,1,1,2,1,0,0,0,0
577,A,O,1,2,1,2,2,1,1,0,0,0
578,H,O,1,3,1,2,2,1,0,0,0,0
579,R,O,1,3,1,1,2,1,0,0,0,0
580,S,I,1,3,1,2,2,1,0,0,0,0
581,S,X,1,3,1,1,2,1,0,0,0,0
582,S,O,1,2,1,2,2,1,0,0,0,0
583,S,O,2,3,1,2,2,1,0,0,0,0
584,X,O,1,3,1,1,2,1,0,0,0,0
585,S,X,1,3,1,1,1,1,0,0,0,0
586,S,O,1,3,1,1,2,1,0,0,0,0
587,S,I,2,2,1,2,2,1,1,0,0,0
588,A,O,2,2,1,2,2,1,1,0,0,0
589,S,X,1,2,1,2,1,1,0,0,0,0
590,R,O,1,2,1,1,2,1,1,0,0,0
591,X,O,1,2,1,1,2,1,0,0,0,0
592,R,X,1,3,1,1,1,1,0,0,0,0
593,R,O,1,2,1,1,2,1,0,0,0,0
594,R,O,2,2,1,1,2,1,0,0,0,0
595,S,X,1,2,1,1,2,1,0,0,0,0
596,K,I,2,3,1,2,2,2,1,0,0,0
597,R,O,1,2,1,2,2,1,0,0,0,0
598,R,O,1,3,1,1,2,1,0,1,0,0
599,X,O,1,3,1,1,2,1,0,0,0,0
600,S,O,1,2,1,2,2,1,0,0,0,0
601,H,O,1,3,1,2,2,1,0,0,0,1
602,R,X,1,2,1,1,1,1,0,0,0,0
603,R,X,1,2,1,1,2,1,0,0,0,0
604,X,I,1,3,1,1,2,1,0,0,0,0
605,K,I,2,2,1,2,2,1,0,0,0,0
606,R,O,1,3,1,1,2,1,0,0,0,0
607,S,X,1,2,1,1,1,1,0,0,0,0
608,A,I,1,3,1,2,2,1,1,0,0,0
609,S,O,2,2,1,1,2,1,0,0,0,0
610,S,I,1,1,1,2,2,1,0,0,0,0
611,S,X,1,3,1,2,2,1,0,0,0,0
612,A,O,1,3,1,2,2,1,0,0,0,0
613,A,I,1,3,1,1,2,1,0,0,0,0
614,S,I,1,3,1,1,2,1,0,0,0,0
615,A,I,2,2,1,2,2,1,0,0,0,1
616,K,C,2,2,2,2,2,2,0,0,0,0
617,X,O,1,2,1,1,2,1,0,0,0,0
618,R,O,1,2,1,1,2,1,0,0,0,0
619,A,O,1,2,1,2,2,1,0,1,0,0
620,R,O,1,3,1,1,2,1,0,0,0,0
621,K,I,1,3,1,2,2,1,4,0,0,0
622,S,X,1,3,1,1,1,1,0,0,0,0
623,A,C,2,2,1,2,2,1,1,0,0,1
624,R,I,1,2,1,2,2,1,0,0,0,0
625,S,I,2,3,1,1,2,1,0,0,0,0
626,K,C,1,2,1,2,2,2,0,1,1,1
627,A,I,1,3,1,2,2,1,0,0,0,0
628,S,X,1,2,1,2,1,1,0,0,0,0
629,S,X,1,2,1,2,1,1,0,0,0,0
630,A,O,1,2,1,2,2,1,1,0,0,0
631,R,O,1,3,1,1,2,1,0,0,0,0
632,R,O,1,3,1,1,2,1,0,0,0,0
633,S,X,1,2,1,2,2,1,0,0,0,0
634,R,I,1,3,1,2,2,1,0,0,0,0
635,H,I,1,3,1,2,2,1,3,0,0,0
636,K,I,2,2,1,2,2,2,1,0,0,1
637,S,I,1,3,1,1,2,1,0,0,0,0
638,X,O,1,3,1,1,2,1,1,0,0,0
639,A,X,1,3,1,1,1,1,0,0,0,0
640,R,O,1,2,1,2,2,1,0,0,0,0
641,S,X,1,2,1,2,2,1,0,0,0,0
642,K,X,1,3,1,1,1,1,0,0,0,0
643,A,I,1,3,1,2,2,1,0,0,0,0
644,S,X,1,1,1,2,2,1,0,0,0,0
645,A,X,1,2,1,2,2,1,0,0,0,0
646,A,C,2,3,1,2,2,2,2,0,0,1
647,R,O,1,3,1,1,2,1,0,0,0,0
648,R,X,1,3,1,1,1,1,0,0,0,0
649,A,O,2,2,1,2,2,1,0,0,0,0
650,A,I,2,2,1,2,2,1,1,0,0,1
651,S,O,1,3,1,1,2,1,0,0,0,0
652,S,O,1,3,1,1,2,1,0,0,0,0
653,S,X,1,1,1,1,1,1,0,0,0,0
654,A,O,1,2,1,2,2,1,0,0,0,0
655,R,X,1,1,1,1,2,1,0,0,0,0
656,S,O,1,3,1,2,2,1,0,0,0,0
657,R,O,1,3,1,1,2,1,0,0,0,0
658,A,I,2,3,1,1,2,1,2,0,0,0
659,R,O,1,3,1,1,2,1,0,0,0,0
660,A,X,1,2,1,2,2,1,0,0,0,0
661,S,I,2,3,1,2,2,1,0,0,0,0
662,S,O,2,3,1,2,2,1,0,0,0,0
663,S,X,1,2,1,2,1,1,0,0,0,0
664,S,O,1,3,1,1,2,1,0,0,0,0
665,S,X,1,2,1,1,2,1,0,0,0,0
666,A,O,1,3,1,1,2,1,0,0,0,0
667,X,O,1,3,1,1,2,1,0,0,0,0
668,R,O,1,3,1,2,2,2,0,0,0,0
669,X,O,1,3,1,1,2,1,1,0,0,0
670,S,X,1,2,1,1,2,1,0,0,0,0
671,R,I,1,3,1,2,2,1,0,0,0,0
672,X,O,1,1,1,1,2,1,0,0,0,0
673,S,X,1,2,1,1,2,1,2,0,0,0
674,S,X,1,2,1,2,2,1,0,0,0,0
675,S,I,2,2,1,2,2,1,0,0,0,0
676,S,X,1,2,1,2,1,1,0,0,0,0
677,R,O,1,1,1,2,2,1,0,0,0,0
678,X,O,1,2,1,1,2,1,0,0,0,0
679,S,X,1,2,1,1,2,1,0,0,0,0
680,R,O,1,2,1,1,2,1,0,0,0,0
681,R,O,1,2,1,1,2,1,0,0,0,0
682,R,X,1,2,1,1,1,1,0,0,0,0
683,S,O,1,3,1,2,2,1,1,0,0,0
684,S,X,1,2,1,1,1,1,0,0,0,0
685,S,X,1,2,1,1,1,1,0,0,0,0
686,R,O,1,3,1,1,2,1,0,0,0,0
687,R,X,1,2,1,1,2,1,0,0,0,0
688,S,X,1,1,1,1,2,1,0,0,0,0
689,S,O,1,3,1,1,2,1,0,0,0,0
690,S,X,1,2,1,1,2,1,0,0,0,0
691,A,I,1,3,1,2,2,1,0,0,0,0
692,K,I,2,2,1,2,2,1,0,0,0,0
693,S,X,1,3,1,1,1,1,0,0,0,0
694,S,X,1,2,1,1,1,1,0,0,0,0
695,A,O,1,2,1,2,2,1,0,0,0,0
696,A,I,2,2,1,2,2,1,3,0,0,1
697,X,O,2,3,1,1,2,1,0,0,0,0
698,X,O,1,3,1,1,2,1,0,0,0,0
699,K,I,2,3,1,2,2,1,2,0,0,0
700,R,O,1,3,1,1,2,1,0,0,0,0
701,R,X,1,3,1,1,2,1,0,0,0,0
702,R,O,1,3,1,1,2,1,0,0,0,0
703,S,X,1,2,1,1,1,1,0,0,0,0
704,R,I,2,1,1,2,2,1,0,0,0,0
705,R,O,1,3,1,1,2,1,0,0,0,0
706,K,C,1,3,1,2,2,1,0,1,0,0
707,S,X,1,3,1,2,1,1,0,0,0,0
708,S,X,1,1,1,2,2,1,0,0,0,0
709,S,X,1,2,1,1,2,1,0,0,0,0
710,A,X,1,2,1,1,2,1,0,0,0,0
711,A,O,1,3,1,2,2,1,0,0,0,0
712,S,O,1,2,1,2,2,1,0,0,0,0
713,A,O,1,3,1,1,2,1,0,0,0,0
714,S,X,1,2,1,1,1,1,1,0,0,0
715,S,O,1,2,1,2,2,1,0,0,0,0
716,S,O,1,3,1,2,2,1,0,0,0,0
717,X,O,1,3,1,1,2,1,0,0,0,0
718,S,X,1,3,1,2,1,1,0,0,0,0
719,A,I,1,2,1,2,2,1,0,0,0,0
720,S,X,1,3,1,1,2,1,0,0,0,0
721,X,O,1,3,1,1,2,1,0,0,0,0
722,S,X,1,1,1,1,2,1,0,0,0,0
723,S,O,1,2,1,2,2,1,1,0,0,0
724,S,O,1,2,1,1,2,1,0,0,0,0
725,S,X,1,3,1,2,1,1,0,0,0,0
726,S,X,1,1,1,1,1,1,0,0,0,0
727,S,I,1,3,1,1,2,1,1,0,0,0
728,A,I,1,3,1,2,2,1,0,0,0,0
729,R,I,1,3,1,1,2,1,0,0,0,0
730,R,I,1,2,1,1,2,1,0,0,0,0
731,A,I,1,2,1,2,2,1,0,0,0,0
732,S,X,1,1,1,1,2,1,0,0,0,0
733,A,O,1,2,1,2,2,1,0,0,0,0
734,S,X,2,2,1,2,2,1,0,0,0,0
735,S,O,1,2,1,2,2,1,1,0,0,0
736,A,X,1,3,1,2,1,1,0,0,0,0
737,S,O,2,2,3,2,2,1,0,0,0,0
738,X,O,1,2,1,1,2,1,0,0,0,0
739,R,O,1,3,1,1,2,1,0,0,0,0
740,A,I,1,3,1,2,2,1,3,0,0,0
741,R,I,1,3,1,1,2,1,0,0,0,0
742,S,X,1,2,1,1,1,1,0,0,0,0
743,S,X,2,2,1,1,1,1,1,0,0,0
744,H,O,1,3,1,2,2,1,0,0,0,0
745,A,O,1,3,1,2,2,1,0,0,0,0
746,R,O,1,3,1,1,2,1,0,0,0,0
747,X,O,1,2,1,2,2,1,0,0,0,0
748,S,I,2,2,1,2,2,1,0,0,0,1
749,S,I,1,3,1,1,2,1,1,0,0,0
750,S,O,1,2,1,1,2,1,0,0,0,0
751,S,X,1,2,1,1,2,1,0,0,0,0
752,A,I,1,2,1,1,2,1,0,0,0,0
753,S,X,1,2,1,1,1,1,0,0,0,0
754,R,X,1,2,1,1,2,1,0,0,0,0
755,S,O,1,3,1,1,2,1,0,0,0,0
756,R,X,1,2,1,2,1,1,0,0,0,0
757,A,X,1,3,1,2,1,1,0,0,0,0
758,A,O,1,3,1,1,2,1,1,0,0,0
759,X,O,1,3,1,1,2,1,0,0,0,0
760,X,O,1,3,1,1,2,1,0,0,0,0
761,R,O,1,3,1,1,2,1,0,1,0,0
762,S,O,1,1,1,1,2,1,0,0,0,0
763,S,X,1,2,1,2,1,1,0,0,0,0
764,S,O,1,3,1,1,2,1,0,0,0,0
765,S,O,1,3,1,2,2,1,2,1,0,0
766,S,O,1,3,1,1,2,1,0,0,0,0
767,A,O,2,3,1,2,2,1,0,0,0,0
768,R,O,1,3,1,1,2,1,0,0,0,0
769,S,X,1,2,1,2,1,1,0,0,0,0
770,R,O,1,3,1,1,2,1,0,0,0,0
771,X,O,1,3,1,1,2,1,0,0,0,0
772,R,I,2,3,2,2,2,1,0,0,0,0
773,A,I,2,3,1,2,2,1,0,0,0,0
774,X,O,1,3,1,1,2,1,1,0,0,0
775,A,O,1,2,1,2,2,1,0,0,0,0
776,S,O,1,1,1,2,2,1,0,0,0,0
777,S,X,1,2,1,2,1,1,0,0,0,0
778,S,X,1,2,1,2,2,1,0,0,0,0
779,A,O,1,3,1,1,2,1,0,0,0,0
780,X,O,1,3,1,1,2,1,0,0,0,0
781,X,O,1,1,1,1,2,1,0,0,0,0
782,A,I,1,2,1,2,2,1,3,0,0,0
783,X,O,1,3,1,1,2,1,0,0,0,0
784,S,X,1,2,1,1,2,1,0,0,0,0
785,X,O,1,2,1,2,2,1,0,0,0,0
786,A,X,1,3,1,1,1,1,0,0,0,0
787,H,O,2,2,1,2,2,1,1,0,0,0
788,R,O,1,1,1,2,2,1,0,0,0,0
789,S,X,1,2,1,2,1,1,0,0,0,0
790,H,O,1,3,1,2,2,1,0,0,0,0
791,S,O,1,3,1,1,2,1,0,0,0,0
792,A,O,1,3,1,2,2,1,0,0,0,0
793,X,O,1,2,1,2,2,1,0,0,0,0
794,R,I,1,3,1,1,2,1,0,0,0,0
795,S,X,1,2,1,2,1,1,0,0,0,0
796,A,O,1,2,1,1,2,1,0,0,0,0
797,X,O,1,3,1,1,2,1,0,0,0,0
798,A,I,1,3,1,2,2,1,0,1,0,0
799,S,X,1,2,1,1,2,1,0,0,0,0
800,R,O,1,3,1,1,2,1,0,0,0,0
801,S,X,1,1,1,1,2,1,0,0,0,0
802,X,O,1,1,1,2,2,1,0,0,0,0
803,S,X,1,1,1,2,2,1,0,0,0,0
804,S,X,1,2,1,1,1,1,0,0,0,0
805,X,O,1,3,1,1,2,1,0,0,0,0
806,S,X,1,2,1,1,1,1,0,0,0,0
807,S,X,1,2,1,1,2,1,0,0,0,0
808,A,I,1,3,1,2,2,1,0,0,0,0
809,S,X,1,1,2,2,2,1,0,0,0,0
810,X,O,1,3,1,1,2,1,0,0,0,0
811,S,X,1,2,1,1,1,1,0,0,0,0
812,S,O,1,3,1,2,2,1,0,0,0,0
813,S,O,2,2,2,1,2,1,0,0,0,0
814,A,I,1,2,1,2,2,1,0,0,0,0
815,A,O,1,3,1,2,2,1,0,0,0,0
816,R,O,1,2,1,1,2,1,0,0,0,0
817,A,I,1,3,1,2,2,1,2,0,0,0
818,R,O,1,3,1,1,2,1,0,0,0,0
819,A,I,1,3,1,1,2,1,0,0,0,0
820,X,O,1,2,1,1,2,1,0,0,0,0
821,S,O,1,2,1,2,2,1,0,0,0,0
822,R,X,1,2,1,1,2,1,0,0,0,0
823,A,O,1,2,1,1,2,1,1,0,0,0
824,X,O,1,2,1,2,2,1,0,0,0,0
825,H,X,1,3,1,1,2,1,0,0,0,0
826,X,O,1,3,1,1,2,1,0,0,0,0
827,S,X,1,2,1,2,2,1,0,0,0,0
828,X,O,2,2,1,2,2,1,2,0,0,0
829,S,O,1,2,1,2,2,1,0,0,0,0
830,S,O,2,2,3,2,2,1,0,0,0,0
831,R,O,1,3,1,1,2,1,0,0,0,0
832,S,X,1,2,1,1,1,1,0,0,0,0
833,X,O,2,2,1,2,2,1,0,0,0,0
834,R,I,1,3,1,1,2,1,0,0,0,0
835,S,O,1,3,1,1,2,1,0,0,0,0
836,A,I,1,2,1,2,2,1,1,0,0,1
837,S,X,1,3,1,1,1,1,0,0,0,0
838,A,I,2,3,1,2,2,2,1,1,0,1
839,A,O,1,3,1,1,2,1,0,0,0,0
840,K,I,2,3,1,2,2,1,3,1,0,0
841,A,I,1,2,1,2,2,1,4,0,0,1
842,X,O,1,3,1,1,2,1,0,0,0,0
843,S,O,2,2,1,1,2,1,0,0,0,0
844,A,O,1,3,1,1,2,1,0,0,0,0
845,S,I,1,3,1,1,2,1,0,0,0,0
846,A,I,1,3,1,1,2,1,1,0,0,0
847,S,O,2,3,1,1,2,1,0,0,0,0
848,S,O,2,2,1,1,2,1,0,0,0,0
849,R,O,1,3,1,1,2,1,0,0,0,0
850,A,I,1,1,1,2,2,1,1,1,0,0
851,S,X,1,2,1,1,2,1,0,0,0,0
852,S,O,1,3,1,1,2,1,0,0,0,0
853,R,X,1,3,1,1,2,1,0,0,0,0
854,S,X,1,2,1,1,2,1,0,0,0,0
855,X,O,1,3,1,1,2,1,0,0,0,0
856,S,X,1,3,1,1,2,1,0,0,0,0
857,S,O,1,3,1,1,2,1,0,0,0,0
858,S,X,2,2,1,1,2,1,0,0,0,0
859,S,X,1,3,1,1,1,1,0,0,0,0
860,S,X,1,3,1,1,1,1,0,0,0,0
861,X,O,1,1,1,1,2,1,0,0,0,0
862,S,X,1,1,1,2,2,1,0,0,0,0
863,K,C,2,2,1,2,2,1,0,0,0,0
864,S,O,1,2,1,2,2,1,0,0,0,0
865,A,O,2,2,1,2,2,1,4,0,0,0
866,X,O,1,3,1,1,2,1,0,0,0,0
867,R,O,1,3,1,1,2,1,0,0,0,0
868,S,X,1,3,1,2,1,1,0,0,0,0
869,S,O,1,2,1,2,2,1,0,0,0,0
870,S,X,1,2,1,1,2,1,0,0,0,0
871,S,O,1,2,1,2,2,1,0,0,0,0
872,R,X,1,2,1,2,2,1,0,0,0,0
873,R,O,1,3,1,1,2,1,0,0,0,0
874,R,O,1,3,1,1,2,1,0,0,0,0
875,R,X,1,2,1,1,2,1,0,0,0,0
876,S,X,1,2,1,1,1,1,0,0,0,0
877,X,O,1,3,1,1,2,1,0,0,0,0
878,R,O,1,3,1,1,2,1,0,0,0,0
879,S,O,1,3,1,1,2,1,0,0,0,0
880,R,I,1,3,1,1,2,1,1,0,0,0
881,R,O,1,1,1,1,2,1,0,0,0,0
882,S,X,1,2,1,1,1,1,0,0,0,0
883,A,X,1,1,1,2,2,1,0,0,0,0
884,S,X,1,2,1,2,2,1,0,0,0,0
885,X,O,1,2,1,1,2,1,1,0,0,0
886,R,O,1,3,1,1,2,1,0,0,0,0
887,A,C,2,2,1,2,2,1,0,0,0,0
888,S,X,1,2,1,1,2,1,0,0,0,0
889,R,X,1,3,1,1,2,1,0,0,0,0
890,X,O,1,3,1,1,2,1,0,0,0,0
891,S,O,1,3,1,2,2,1,0,0,0,0
892,R,O,1,2,1,1,2,1,0,0,0,0
893,X,I,1,2,1,2,2,1,0,1,0,0
894,X,O,1,2,1,1,2,1,0,0,0,0
895,X,O,1,2,1,1,2,1,0,0,0,0
896,R,O,1,3,1,1,2,1,0,0,0,0
897,S,X,1,3,1,1,2,1,0,0,0,0
898,S,X,1,3,1,1,1,1,0,0,0,0
899,X,O,1,3,1,1,2,1,0,0,0,0
900,S,X,1,2,1,1,2,1,0,0,0,0
901,R,X,1,1,1,1,2,1,0,0,0,0
902,X,O,1,3,1,1,2,1,0,0,0,0
903,S,O,1,2,1,1,2,1,0,0,0,0
904,X,O,1,2,1,1,2,1,0,0,0,0
905,X,I,1,3,1,1,2,1,0,0,0,0
906,A,I,1,1,1,2,2,1,0,0,0,1
907,S,X,1,3,1,1,1,1,0,0,0,0
908,A,O,1,3,1,1,2,1,1,0,0,0
909,K,C,2,3,1,2,2,2,0,0,0,1
910,X,O,1,3,1,1,2,1,0,0,0,0
911,S,O,1,2,1,2,2,1,0,0,0,0
912,S,O,1,2,1,2,2,1,3,0,0,0
913,A,O,2,2,1,2,2,1,0,0,0,0
914,A,I,2,2,1,1,2,1,8,0,0,0
915,X,O,1,2,1,1,2,1,0,0,0,0
916,S,O,1,3,1,1,2,1,1,0,0,0
917,R,X,1,2,1,1,2,1,0,0,0,0
918,R,O,1,2,1,1,2,1,0,0,0,0
919,S,O,1,2,1,2,2,1,0,0,0,0
920,X,I,2,2,1,2,2,1,0,0,0,0
921,H,O,1,2,1,1,2,1,0,0,0,1
922,K,C,2,3,3,2,2,2,1,0,0,1
923,X,O,1,3,1,1,2,1,0,0,0,0
924,X,O,1,3,1,1,2,1,0,0,0,0
925,R,X,1,3,1,1,1,1,0,0,0,0
926,S,X,1,2,1,1,2,1,1,0,0,0
927,X,O,1,3,1,1,2,1,0,0,0,0
928,R,X,1,3,1,1,2,1,0,0,0,0
929,A,I,2,3,1,2,2,1,0,0,0,1
930,S,O,1,3,1,1,2,1,2,2,0,0
931,S,I,1,3,1,2,2,1,0,0,0,0
932,A,I,1,3,1,2,2,1,0,0,0,0
933,X,I,1,3,1,2,2,1,0,0,0,0
934,S,O,1,2,1,1,2,1,0,0,0,0
935,S,X,1,2,1,1,2,1,1,0,0,0
936,R,O,1,2,1,2,2,1,1,0,0,0
937,X,O,1,3,1,1,2,1,1,0,0,0
938,S,O,1,1,1,2,2,1,0,0,0,0
939,S,I,1,3,1,1,2,1,0,0,0,0
940,S,X,1,2,1,1,2,1,0,0,0,0
941,R,X,1,3,1,2,1,1,0,0,0,0
942,A,X,1,3,1,1,2,1,0,0,0,0
943,S,O,2,2,3,2,2,1,1,0,0,0
944,S,X,1,1,1,1,2,1,0,0,0,0
945,X,O,1,3,1,1,2,1,0,0,0,0
946,A,C,1,2,1,2,2,1,0,0,0,0
947,S,X,1,2,1,1,2,1,0,0,0,0
948,S,X,1,1,1,1,1,1,0,0,0,0
949,R,O,1,3,1,1,2,1,0,0,0,0
950,A,I,2,2,1,2,2,1,2,0,0,0
951,S,X,1,1,1,1,2,1,0,0,0,0
952,X,O,1,3,1,1,2,1,0,0,0,0
953,A,I,2,2,1,2,2,1,0,1,0,0
954,A,O,1,2,1,2,2,1,1,0,0,0
955,S,X,1,3,1,2,2,1,0,0,0,0
956,X,O,1,2,1,1,2,1,0,0,0,0
957,X,O,1,3,1,1,2,1,0,0,0,0
958,A,I,1,3,1,2,2,1,0,0,0,0
959,K,C,2,3,1,2,2,2,0,0,0,1
960,A,I,1,2,1,2,2,1,0,0,0,0
961,S,O,1,1,1,2,2,1,0,0,0,1
962,S,X,1,2,1,1,2,1,0,0,0,0
963,X,O,1,1,1,2,2,1,0,0,0,0
964,R,I,1,3,1,2,2,1,0,0,0,0
965,R,O,1,2,1,1,2,1,0,0,0,0
966,S,X,1,2,1,2,2,1,0,0,0,0
967,H,O,2,2,2,2,2,1,0,0,0,0
968,A,I,2,2,1,2,2,1,0,0,0,1
969,A,O,2,3,3,2,2,1,2,0,0,0
970,S,X,1,2,1,2,2,1,0,0,0,0
971,R,O,1,2,1,1,2,1,1,0,0,0
972,S,X,1,2,1,1,2,1,0,0,0,0
973,X,O,1,2,1,2,2,1,0,0,0,0
974,R,O,1,3,1,1,2,1,0,0,0,0
975,X,I,1,2,1,1,2,1,0,0,0,0
976,K,I,1,3,1,2,2,2,1,0,0,0
977,R,O,1,3,1,2,2,1,0,0,0,0
978,S,X,1,3,1,1,2,1,1,0,0,0
979,S,O,1,2,1,1,2,1,0,0,0,0
980,A,O,1,3,1,2,2,1,0,0,0,0
981,R,O,1,2,1,1,2,1,0,0,0,0
982,R,O,1,2,1,1,2,1,0,0,0,0
983,A,I,2,3,1,2,2,1,3,0,0,0
984,S,X,1,2,1,1,2,1,0,0,0,0
985,A,I,2,3,1,2,2,1,4,4,0,0
986,A,I,2,3,3,1,2,1,1,0,0,0
987,A,I,1,3,1,1,2,1,0,1,0,0
988,S,I,1,3,1,2,2,1,1,0,0,1
989,R,X,1,2,1,1,2,1,0,0,0,0
990,S,X,1,2,1,1,1,1,0,0,0,0
991,S,O,1,2,1,2,2,1,1,0,0,0
992,S,X,1,1,1,1,2,1,0,0,0,0
993,R,I,1,3,1,2,2,1,0,0,0,0
994,X,O,1,3,1,1,2,1,0,0,0,0
995,R,X,1,2,1,1,2,1,0,0,0,0
996,S,O,1,1,1,1,2,1,0,0,0,0
997,S,X,1,3,1,1,1,1,0,0,0,0
998,S,I,1,3,1,1,2,1,0,0,0,0
999,H,X,1,3,1,2,1,1,0,0,0,0
1000,R,O,1,2,1,1,2,1,0,0,0,0
1001,S,X,1,3,1,1,2,1,0,0,0,0
1002,X,O,1,3,1,1,2,1,0,0,0,0
1003,S,X,1,2,1,2,1,1,0,0,0,0
1004,R,I,2,2,1,1,2,1,0,0,0,0
1005,K,I,2,3,1,2,2,1,0,0,0,0
1006,X,O,1,2,1,2,2,1,0,0,0,0
1007,S,O,1,3,1,2,2,1,0,0,0,0
1008,S,X,1,2,1,1,2,1,0,0,0,0
1009,S,X,1,2,1,1,1,1,0,0,0,0
1010,H,O,1,3,1,1,2,1,0,0,0,0
1011,R,X,1,2,1,1,1,1,0,0,0,0
1012,S,O,1,2,1,2,2,1,0,0,0,0
1013,H,X,1,3,1,1,2,1,0,0,0,0
1014,R,O,1,2,1,1,2,1,3,0,0,0
1015,S,O,1,2,1,1,2,1,0,0,0,0
1016,S,X,1,3,1,1,1,1,0,0,0,0
1017,K,I,2,2,1,2,2,1,3,0,0,0
1018,K,C,1,3,1,2,2,2,2,1,0,0
1019,S,X,1,2,1,1,2,1,0,0,0,0
1020,A,O,1,1,1,1,2,1,0,0,0,0
1021,S,O,1,2,1,2,2,1,0,0,0,0
1022,S,X,1,3,1,1,2,1,0,0,0,0
1023,S,O,1,2,1,1,2,1,0,0,0,0
1024,S,O,1,2,1,1,2,1,1,0,0,0
1025,X,O,1,2,1,1,2,1,0,0,0,0
1026,R,O,1,2,1,1,2,1,0,0,0,0
1027,A,O,1,2,1,1,2,1,0,0,0,0
1028,S,X,2,2,1,1,2,1,0,0,0,0
1029,X,O,1,2,1,2,2,1,0,0,0,0
1030,A,I,2,2,1,2,2,1,0,0,0,0
1031,S,O,1,2,1,1,2,1,0,0,0,0
1032,X,O,2,1,1,2,2,1,0,0,0,0
1033,S,O,1,2,1,1,2,1,0,0,0,0
1034,S,X,1,2,1,1,1,1,0,0,0,0
1035,R,X,1,2,1,1,2,1,0,0,0,0
1036,S,X,1,2,1,1,2,1,0,0,0,0
1037,X,O,1,2,1,1,2,1,0,0,0,0
1038,X,O,1,2,1,1,2,1,0,0,0,0
1039,R,O,1,3,1,1,2,1,1,1,0,0
1040,S,O,2,3,1,2,2,1,1,0,0,0
1041,S,X,2,2,1,2,2,1,0,0,0,0
1042,R,C,1,3,1,2,2,1,1,0,0,0
1043,A,I,2,3,3,2,2,1,2,0,0,0
1044,A,X,1,2,1,2,2,1,0,0,0,0
1045,A,I,1,2,1,2,2,1,0,0,0,0
1046,A,I,1,3,1,2,2,1,0,0,0,0
1047,S,X,1,1,1,2,2,1,0,0,0,0
1048,A,O,1,2,1,2,2,1,2,0,0,0
1049,S,X,1,1,1,1,2,1,0,0,0,0
1050,S,O,1,3,1,1,2,1,0,0,0,0
1051,X,O,1,3,1,1,2,1,1,0,0,0
1052,A,I,1,2,1,2,2,1,0,0,0,0
1053,X,O,1,3,1,1,2,1,0,0,0,0
1054,R,O,1,3,1,1,2,1,0,0,0,0
1055,S,X,1,3,1,1,2,1,0,0,0,0
1056,R,O,1,3,1,1,2,1,0,0,0,0
1057,S,I,1,3,1,1,2,1,0,0,0,0
1058,X,O,1,3,1,1,2,1,0,0,0,0
1059,R,I,1,2,1,1,2,1,2,0,0,0
1060,X,O,1,3,1,1,2,1,0,0,0,0
1061,R,O,1,1,1,1,2,1,0,0,0,0
1062,S,X,2,3,1,2,2,1,0,0,0,0
1063,A,I,1,2,1,2,2,1,0,0,0,0
1064,S,I,1,3,1,1,2,1,1,0,0,0
1065,S,X,1,2,1,2,1,1,0,0,0,0
1066,S,X,1,1,1,1,2,1,0,0,0,0