0.0069942306,-0.013488878,-0.033971986,-0.033971986,0.0069942306,0.047960447,0.027477339,0.1708591,0.1913422,0.21182532,0.23230842,0.068443556,0.068443556,0.027477339,-0.054455095,-0.013488878,-0.054455095,0.0069942306,-0.013488878,-0.013488878,-0.054455095,-0.11590442,-0.11590442,-0.095421309,-0.11590442,-0.11590442,-0.13638753,-0.11590442,-0.095421309,-0.13638753,-0.13638753,-0.033971986,-0.21831996,-0.93522876,-2.2051814,-2.9016071,-2.9220903,-2.676293,-2.5533943,-2.2461477,-2.0822829,-1.8979349,-1.6111714,-1.4063402,-1.1605429,-0.791847,-0.50508348,-0.23880307,-0.074938204,0.1913422,0.43713951,0.60100438,0.72390303,0.76486925,0.72390303,0.76486925,0.78535235,0.80583546,0.80583546,0.84680168,0.86728478,0.92873411,0.92873411,0.99018346,1.0311497,1.1335652,1.1540483,1.1950145,1.1745315,1.1950145,1.1745315,1.1335652,1.0516328,0.99018346,0.86728478,0.80583546,0.70341991,0.60100438,0.47810572,0.39617329,0.33472397,0.27327464
0.24285867,0.20415233,0.24285867,0.26221184,0.20415233,0.24285867,0.26221184,0.33962452,0.37833086,0.41703719,0.45574353,0.37833086,0.26221184,0.22350551,0.16544599,0.16544599,0.18479916,0.068680147,0.14609282,0.14609282,0.12673966,0.068680147,0.049326978,0.049326978,-0.028085699,-0.047438868,-0.028085699,-0.028085699,0.010620639,-0.066792038,-0.066792038,-0.10549838,0.049326978,-0.10549838,-0.68609345,-1.9053431,-2.9310611,-3.1052396,-2.8342952,-2.6407636,-2.4085255,-2.2537002,-2.002109,-1.7505177,-1.5182797,-1.3053949,-0.976391,-0.64738712,-0.37644274,-0.20226422,-0.028085699,0.30091818,0.49444987,0.62992206,0.66862839,0.68798156,0.66862839,0.64927522,0.68798156,0.7266879,0.7266879,0.74604107,0.80410058,0.82345374,0.88151325,0.88151325,0.93957276,1.0169855,1.0556918,1.0556918,1.0556918,1.075045,1.0363386,0.99763229,0.93957276,0.80410058,0.66862839,0.53315621,0.45574353,0.37833086,0.22350551,0.088033315
0.17770687,0.17770687,0.19693109,0.19693109,0.21615532,0.25460377,0.33150067,0.40839758,0.42762181,0.33150067,0.273828,0.23537955,0.15848264,0.13925842,0.12003419,0.043137288,0.043137288,0.043137288,0.062361514,0.0046888362,-0.091432294,-0.072208067,-0.033759616,-0.052983842,-0.11065652,-0.12988075,-0.12988075,-0.20677765,-0.1683292,-0.014535389,-0.30289877,-1.2064374,-2.4944605,-3.1096358,-3.12886,-2.9750662,-2.7251513,-2.109976,-1.8985095,-1.6485946,-1.3986796,-1.1295405,-0.82195288,-0.51436526,-0.30289877,-0.072208067,0.062361514,0.25460377,0.42762181,0.60063984,0.7159852,0.73520942,0.77365788,0.77365788,0.81210633,0.869779,0.869779,0.9466759,1.0043486,1.0620213,1.0812455,1.1389181,1.1773666,1.215815,1.1581424,1.1581424,1.1389181,1.042797,0.96590013,0.81210633,0.69676097,0.54296716,0.44684603,0.35072491,0.25460377,0.17770687,0.08158574,-0.014535389,-0.033759616,-0.091432294,-0.091432294,-0.11065652
-0.073076213,-0.10972606,-0.054751291,-0.018101444,0.036873326,0.073523172,0.14682286,0.20179764,0.018548402,0.11017302,0.073523172,-0.018101444,-0.091401137,-0.12805098,-0.12805098,-0.12805098,-0.12805098,-0.16470083,-0.16470083,-0.2196756,-0.23800053,-0.25632544,-0.20135068,-0.14637591,-0.20135068,-0.20135068,-0.2196756,-0.10972606,-0.12805098,-0.6961236,-1.8322689,-2.7851649,-2.8584646,-2.7851649,-2.6019156,-2.2170923,-1.8872436,-1.7406443,-1.5390701,-1.319171,-1.1359218,-0.84272299,-0.5311993,-0.25632544,-0.054751291,0.073523172,0.27509733,0.54997118,0.71489549,0.76987026,0.82484502,0.86149487,0.84316995,0.89814472,0.93479457,1.0264191,1.063069,1.1180438,1.1913434,1.2279933,1.2646432,1.3379429,1.3929176,1.3745927,1.3562678,1.3379429,1.2463183,1.0997189,0.95311948,0.82484502,0.65992071,0.5682961,0.45834656,0.3300721,0.25677241,0.22012255,0.16514779,0.12849795,0.073523172,0.055198248,0.036873326,0.036873326
0.38388375,0.36438037,0.38388375,0.40338714,0.40338714,0.48140069,0.50090407,0.55941424,0.55941424,0.40338714,0.38388375,0.32537358,0.24736004,0.26686343,0.20835327,0.20835327,0.18884988,0.16934649,0.13033971,0.091332938,0.032822774,0.032822774,0.032822774,0.013319387,-0.0061840011,-0.045190777,-0.084197552,-0.10370094,0.052326162,-0.025687388,-0.55227886,-1.6444686,-2.7951684,-3.0487125,-2.9511956,-2.7951684,-2.3855973,-2.0345363,-1.8590058,-1.6444686,-1.410428,-1.2348974,-0.90333983,-0.61078902,-0.3182382,-0.14270771,-0.025687388,0.22785665,0.53991086,0.71544134,0.75444812,0.75444812,0.7739515,0.7739515,0.83246166,0.83246166,0.91047522,0.94948199,1.0079922,1.0469989,1.1250125,1.1445159,1.1640193,1.2225294,1.203026,1.1445159,1.0665023,0.94948199,0.83246166,0.67643457,0.50090407,0.38388375,0.22785665,0.11083632,-0.025687388,-0.10370094,-0.18171449,-0.27923143,-0.35724498,-0.35724498,-0.37674837,-0.39625176
-0.02611203,-0.02611203,-0.047311892,-0.047311892,-0.0049121657,0.037487562,0.10108715,0.1858866,0.20708647,0.16468674,0.037487562,0.016287698,-0.0049121657,-0.047311892,-0.068511756,-0.08971162,-0.02611203,-0.068511756,-0.068511756,-0.08971162,-0.13211134,-0.19571094,-0.17451107,-0.17451107,-0.15331121,-0.15331121,-0.15331121,-0.17451107,-0.17451107,-0.13211134,-0.08971162,-0.38650971,-1.2557042,-2.4004967,-2.8668938,-2.8456939,-2.5912955,-2.4216966,-2.1460984,-1.9976994,-1.7645008,-1.5101025,-1.3405035,-1.0013058,-0.70450766,-0.42890943,-0.25931053,-0.068511756,0.22828634,0.46148483,0.67348347,0.75828292,0.80068265,0.75828292,0.80068265,0.80068265,0.86428224,0.86428224,0.90668197,0.9490817,1.0338811,1.1186806,1.0974807,1.1822802,1.2458798,1.2670797,1.2670797,1.3094794,1.2670797,1.2034801,1.1398805,1.055081,0.92788183,0.77948279,0.69468333,0.56748415,0.4826847,0.35548551,0.2494862,0.1858866,0.16468674,0.10108715
-0.24731041,-0.26969391,-0.29207742,-0.24731041,-0.2025434,-0.1353929,-0.11300939,-0.045858886,0.043675127,-0.068242388,-0.1801599,-0.1353929,-0.1577764,-0.24731041,-0.26969391,-0.22492691,-0.1577764,-0.1801599,-0.1801599,-0.22492691,-0.24731041,-0.26969391,-0.26969391,-0.22492691,-0.22492691,-0.26969391,-0.26969391,-0.24731041,-0.26969391,-0.1801599,-0.1577764,-0.53829595,-1.5231701,-2.5080442,-2.6871123,-2.5975782,-2.3065926,-2.1499081,-1.9260731,-1.8141556,-1.5903206,-1.3664856,-1.254568,-0.941199,-0.69498047,-0.47114544,-0.24731041,-0.023475382,0.20035965,0.51372869,0.73756372,0.69279671,0.73756372,0.75994723,0.73756372,0.78233073,0.87186474,0.87186474,0.89424824,0.98378226,1.0285492,1.0956998,1.1404668,1.2076173,1.2747678,1.3643018,1.3866853,1.4314523,1.4538358,1.4090688,1.3643018,1.2523843,1.1852337,1.0285492,0.89424824,0.80471423,0.69279671,0.6032627,0.42419468,0.37942768,0.33466066,0.26751015
0.2895059,0.2895059,0.2895059,0.33001697,0.33001697,0.43129463,0.45155016,0.43129463,0.51231676,0.3502725,0.30976143,0.20848377,0.2287393,0.2287393,0.18822824,0.18822824,0.20848377,0.12746164,0.16797271,0.0059284497,0.026183982,0.046439514,-0.014327082,0.0059284497,-0.014327082,-0.07509368,-0.054838147,-0.095349216,-0.095349216,0.086950579,-0.095349216,-0.74352625,-1.9588582,-2.9311237,-3.0121458,-2.8095906,-2.6272908,-2.3842244,-2.141158,-1.9791137,-1.796814,-1.5740031,-1.3714477,-1.0068482,-0.78403731,-0.48020433,-0.31816006,-0.014327082,0.2287393,0.47180569,0.57308336,0.63384996,0.57308336,0.59333889,0.61359442,0.65410549,0.65410549,0.67436102,0.71487209,0.73512762,0.77563868,0.81614975,0.91742741,0.95793848,0.97819403,1.0389606,1.0592162,1.0794716,1.1199827,1.0389606,1.0389606,0.97819403,0.85666081,0.77563868,0.69461655,0.51231676,0.4110391,0.2895059,0.20848377,0.086950579,-0.034582615,-0.07509368
1.8798398,-0.17215051,-0.13173393,-0.13173393,-0.11152563,-0.13173393,-0.13173393,-0.07110904,-0.010484157,0.070349019,0.090557317,0.1309739,0.0097241373,-0.050900746,-0.07110904,-0.07110904,-0.11152563,-0.11152563,-0.15194222,-0.13173393,-0.13173393,-0.11152563,-0.15194222,-0.2125671,-0.2125671,-0.23277539,-0.15194222,-0.2125671,-0.2125671,-0.23277539,-0.1923588,-0.25298369,-0.091317334,-0.17215051,-0.75819104,-1.8090223,-2.6981872,-2.8194371,-2.677979,-2.4152712,-2.2131882,-1.9706887,-1.8090223,-1.5261063,-1.303815,-1.1421487,-0.77839934,-0.5561081,-0.35402516,-0.2125671,0.029932431,0.23201538,0.4947232,0.67659785,0.73722273,0.73722273,0.75743102,0.73722273,0.79784761,0.8180559,0.85847249,0.87868079,0.959514,1.0201389,1.0605554,1.1211803,1.1818052,1.2222218,1.2626384,1.2626384,1.3030549,1.3030549,1.2020135,1.1211803,1.0201389,0.91909738,0.8180559,0.67659785,0.59576467,0.5149315,0.39368173,0.31284855
1.8669478,0.00088407311,-0.01723329,-0.01723329,0.019001436,0.00088407311,-0.053468016,0.00088407311,0.055236162,0.091470889,0.14582298,0.20017507,0.1820577,0.019001436,0.019001436,0.00088407311,-0.035350654,-0.053468016,-0.14405483,-0.089702743,-0.10782011,-0.10782011,-0.14405483,-0.19840692,-0.21652429,-0.21652429,-0.18028956,-0.16217219,-0.19840692,-0.19840692,-0.21652429,-0.23464165,-0.10782011,-0.18028956,-0.70569308,-1.7383828,-2.7167204,-2.8073072,-2.7529551,-2.6080162,-2.2819037,-1.9376738,-1.8108523,-1.5753265,-1.303566,-1.1405098,-0.7962799,-0.54263682,-0.28899373,-0.10782011,0.037118799,0.27264452,0.50817024,0.67122651,0.70746123,0.77993068,0.77993068,0.81616541,0.83428278,0.92486959,0.94298699,1.0154564,1.0698085,1.1422779,1.1966301,1.2690995,1.2872169,1.3234516,1.3234516,1.2872169,1.2147474,1.1241605,1.0335738,0.88863486,0.70746123,0.63499178,0.5262876,0.36323133,0.27264452,0.20017507,0.14582298,0.091470889
1.883168,-0.11188861,-0.16481104,-0.16481104,-0.11188861,-0.16481104,-0.076606992,-0.11188861,-0.041325374,-0.0060437568,0.099801098,0.099801098,0.02923786,-0.0060437568,0.02923786,-0.11188861,-0.11188861,-0.076606992,-0.14717023,-0.16481104,-0.076606992,-0.12952942,-0.16481104,-0.20009265,-0.23537427,-0.16481104,-0.20009265,-0.18245185,-0.16481104,-0.20009265,-0.23537427,-0.23537427,-0.076606992,-0.0060437568,-0.74695772,-1.9112511,-2.8109323,-2.934418,-2.9520588,-2.8638548,-2.2817081,-1.8054062,-1.6289981,-1.3114636,-1.1174147,-0.87044338,-0.53526801,-0.34121912,-0.11188861,0.011597052,0.15272352,0.38205403,0.55846212,0.68194778,0.66430697,0.7172294,0.7172294,0.73487021,0.78779263,0.82307425,0.87599667,0.9289191,0.99948238,1.0171231,1.0700456,1.122968,1.1758904,1.1758904,1.2640945,1.2288128,1.2288128,1.1406088,1.0876864,0.99948238,0.87599667,0.73487021,0.66430697,0.61138455,0.48789889,0.39969484,0.32913161,0.27620918
0.4751803,0.4751803,0.43250255,0.45384142,0.45384142,0.5605358,0.62455242,0.60321354,0.62455242,0.45384142,0.4751803,0.36848593,0.30446931,0.34714705,0.24045268,0.2191138,0.19777494,0.2191138,0.19777494,0.091080561,0.048402812,0.027063939,0.048402812,0.027063939,0.005725064,0.027063939,0.005725064,-0.058291558,0.048402812,0.048402812,-0.61310229,-1.8934348,-2.9390395,-3.0457339,-3.0670729,-2.8536841,-2.2988733,-1.9147736,-1.8080792,-1.5306739,-1.3172851,-1.1892519,-0.8478299,-0.61310229,-0.33569693,-0.12230818,-0.036952685,0.15509718,0.41116367,0.62455242,0.68856905,0.73124679,0.73124679,0.73124679,0.75258567,0.77392454,0.79526341,0.85928004,0.90195778,0.96597441,1.0086521,1.0726688,1.0299911,1.1153465,1.1793632,1.1580243,1.0513299,0.94463553,0.88061891,0.75258567,0.62455242,0.41116367,0.28313043,0.13375831,0.005725064,-0.10096931,-0.22900255,-0.2716803,-0.37837467,-0.4423913,-0.50640792,-0.46373017
0.49266525,0.49266525,0.46841642,0.44416759,0.41991876,0.54116291,0.58966057,0.6139094,0.68665589,0.71090472,0.54116291,0.46841642,0.41991876,0.32292344,0.27442578,0.27442578,0.2016793,0.25017695,0.22592812,0.2016793,0.15318163,0.10468398,0.080435139,0.031937483,0.031937483,0.080435139,0.056186314,-0.016560176,-0.016560176,-0.040809006,-0.040809006,0.10468398,-0.13780433,-0.96226454,-2.1747061,-2.9021709,-2.9749174,-2.7324291,-2.6111849,-2.4171943,-2.2959501,-2.0534619,-1.7624759,-1.5684853,-1.2774994,-1.0107622,-0.71977624,-0.47728794,-0.2832973,-0.089306666,0.27442578,0.49266525,0.54116291,0.6139094,0.6139094,0.56541174,0.56541174,0.6139094,0.63815823,0.68665589,0.68665589,0.75940238,0.75940238,0.75940238,0.8563977,0.90489536,0.90489536,0.95339298,1.0503883,1.0503883,0.97764182,0.92914419,0.90489536,0.78365121,0.63815823,0.49266525,0.3714211,0.17743046,0.10468398,-0.016560176,-0.13780433,-0.23479965
0.63067617,0.63067617,0.67289287,0.7362179,0.7362179,0.77843459,0.5462428,0.5040261,0.46180941,0.39848438,0.37737603,0.31405099,0.35626768,0.39848438,0.29294265,0.2718343,0.22961762,0.20850927,0.16629257,0.14518423,0.14518423,0.16629257,0.10296754,0.081859193,0.039642502,0.039642502,0.16629257,0.060750847,-0.3825244,-1.6068084,-2.7466591,-3.0632843,-2.9577425,-2.7044424,-2.4511423,-2.1767338,-2.007867,-1.7545668,-1.5223751,-1.2901833,-0.93134139,-0.63582455,-0.40363276,-0.21365764,0.039642502,0.31405099,0.52513445,0.63067617,0.69400122,0.67289287,0.67289287,0.65178452,0.65178452,0.71510956,0.7362179,0.77843459,0.77843459,0.84175963,0.88397632,0.92619301,0.94730135,0.96840971,1.0106264,1.0106264,0.94730135,0.96840971,0.92619301,0.79954294,0.65178452,0.60956783,0.39848438,0.25072596,0.14518423,0.018534156,-0.087007575,-0.21365764,-0.29809103,-0.36141606,-0.44584945,-0.48806613,-0.53028282,-0.55139118
-0.084738501,-0.02855071,-0.02855071,0.083824875,0.15874193,0.19620046,0.15874193,0.027637083,0.0089078185,-0.047279974,-0.10346777,-0.066009237,-0.10346777,-0.12219703,-0.10346777,-0.084738501,-0.084738501,-0.1409263,-0.15965555,-0.1409263,-0.17838482,-0.15965555,-0.15965555,-0.17838482,-0.19711409,-0.1409263,-0.23457262,-0.066009237,-0.02855071,-0.53424084,-1.6018089,-2.6506477,-2.8753989,-2.7255647,-2.5008135,-2.3697087,-2.0700405,-1.9763942,-1.7329137,-1.5081626,-1.2646821,-1.0024725,-0.74026274,-0.47805305,-0.21584335,-0.047279974,0.15874193,0.42095163,0.66443206,0.72061985,0.73934911,0.73934911,0.79553691,0.77680765,0.77680765,0.81426617,0.87045397,0.9079125,0.9079125,0.96410027,1.0390173,1.0577466,1.0764759,1.1139344,1.1888515,1.22631,1.2075808,1.22631,1.1888515,1.1701222,1.0952051,1.0015588,0.9079125,0.77680765,0.64570279,0.55205647,0.43968089,0.34603457,0.27111751,0.21492973,0.17747119,0.12128341
-0.15098315,-0.1133521,-0.1133521,-0.1133521,-0.056905504,0.018356614,0.055987672,0.11243426,-0.00045891603,-0.019274445,-0.019274445,-0.1133521,-0.1133521,-0.1133521,-0.16979868,-0.15098315,-0.15098315,-0.13216762,-0.20742974,-0.26387633,-0.26387633,-0.20742974,-0.22624527,-0.2450608,-0.22624527,-0.2450608,-0.2450608,-0.26387633,-0.075721034,-0.26387633,-1.0541286,-2.2395069,-2.8604194,-2.8792349,-2.8039728,-2.6158175,-2.0513516,-1.7691187,-1.6185945,-1.3739925,-1.1858373,-0.92241986,-0.64018692,-0.41440057,-0.18861421,-0.038089975,0.13124979,0.37585168,0.60163803,0.73334673,0.75216227,0.75216227,0.78979332,0.80860885,0.86505544,0.88387097,0.94031756,0.99676419,1.0343952,1.0908418,1.1661039,1.241366,1.2601815,1.3166281,1.3542592,1.3730747,1.3166281,1.2225505,1.1661039,1.0720263,0.95913309,0.80860885,0.71453121,0.62045356,0.52637591,0.39466721,0.37585168,0.31940509,0.24414297,0.18769638,0.16888085,0.16888085
-0.41143158,-0.3806071,-0.34978263,-0.33437039,-0.33437039,-0.28813368,-0.21107249,-0.14942353,-0.10318682,-0.10318682,-0.21107249,-0.16483577,-0.22648472,-0.27272143,-0.24189697,-0.28813368,-0.27272143,-0.2573092,-0.22648472,-0.24189697,-0.30354591,-0.31895816,-0.30354591,-0.27272143,-0.28813368,-0.28813368,-0.27272143,-0.27272143,-0.31895816,-0.16483577,-0.19566024,-0.6580274,-1.8447697,-2.769504,-2.8157408,-2.6770306,-2.4920838,-2.0451289,-1.7522963,-1.5519372,-1.3669903,-1.1358068,-0.93544769,-0.62720292,-0.39601935,-0.1340113,0.050935565,0.17423347,0.42082929,0.65201286,0.80613524,0.82154748,0.82154748,0.83695972,0.86778419,0.92943315,0.94484538,1.0064943,1.0681433,1.1297923,1.1606167,1.2068534,1.2993269,1.3147391,1.3301514,1.3455636,1.3763881,1.3147391,1.2685024,1.1914412,1.11438,1.0064943,0.89860867,0.82154748,0.72907405,0.63660062,0.55953943,0.49789048,0.467066,0.42082929,0.39000481,0.39000481
0.21421267,0.21421267,0.23191977,0.21421267,0.26733396,0.33816234,0.39128363,0.39128363,0.44440491,0.42669782,0.28504106,0.072555907,0.072555907,0.090263003,0.14338429,0.12567719,0.12567719,0.16109138,0.090263003,0.037141716,0.054848812,0.072555907,0.01943462,0.01943462,0.037141716,0.01943462,0.01943462,-0.015979572,-0.033686667,0.037141716,0.12567719,-0.22846472,-1.1492337,-2.5303872,-3.1501355,-3.0793072,-2.8491148,-2.6897511,-2.300195,-2.1054169,-1.8575176,-1.574204,-1.3440117,-1.0784054,-0.7419705,-0.42324278,-0.22846472,-0.10451505,0.1079701,0.37357654,0.5506475,0.63918298,0.65689007,0.65689007,0.65689007,0.63918298,0.65689007,0.67459716,0.71001135,0.71001135,0.74542555,0.79854683,0.81625392,0.85166812,0.9047894,0.9402036,0.9579107,0.97561775,1.011032,1.0641533,1.011032,0.9579107,0.92249651,0.83396103,0.72771846,0.63918298,0.5152333,0.40899073,0.30274815,0.19650558,0.1079701,0.01943462
-0.12007335,-0.12007335,-0.12007335,-0.10217151,0.0052395649,0.0052395649,0.076846947,0.13055249,0.076846947,0.041043256,-0.030564126,-0.048465972,-0.066367817,-0.15587704,-0.066367817,-0.066367817,-0.10217151,-0.066367817,-0.17377889,-0.15587704,-0.20958258,-0.20958258,-0.15587704,-0.20958258,-0.1379752,-0.20958258,-0.20958258,-0.24538628,-0.066367817,-0.066367817,-0.5676195,-1.5164173,-2.7874484,-3.1454853,-3.1275834,-2.7695465,-2.3399022,-1.9102579,-1.7491413,-1.4627117,-1.1583804,-1.0151657,-0.69293241,-0.31699365,-0.12007335,-0.012662281,0.14845433,0.39908017,0.61390231,0.64970601,0.6855097,0.75711708,0.70341154,0.77501893,0.77501893,0.81082261,0.8466263,0.88243,0.95403738,1.0077429,1.0793503,1.1509577,1.0972521,1.2225651,1.2583688,1.2762706,1.2404669,1.2046632,1.2225651,1.0793503,0.95403738,0.88243,0.77501893,0.64970601,0.56019677,0.45278571,0.39908017,0.30957094,0.22006172,0.14845433,0.16635618,0.11265064
1.876084,-0.14744471,-0.14744471,-0.14744471,-0.1835917,-0.12937121,-0.12937121,-0.11129772,-0.075150725,-0.039003732,0.069437248,0.10558424,0.10558424,-0.039003732,-0.075150725,-0.057077228,-0.093224222,-0.16551821,-0.16551821,-0.2016652,-0.1835917,-0.1835917,-0.2016652,-0.2197387,-0.25588569,-0.25588569,-0.2197387,-0.2016652,-0.2197387,-0.2197387,-0.2016652,-0.2378122,-0.25588569,-0.11129772,-0.29203269,-0.9968991,-2.3524113,-2.9126897,-2.8765427,-2.7681017,-2.4789258,-1.9547944,-1.7379125,-1.5210305,-1.3041485,-1.0872665,-0.78001709,-0.50891465,-0.29203269,-0.057077228,0.10558424,0.2863192,0.50320117,0.66586264,0.75623012,0.79237712,0.81045061,0.82852411,0.91889159,0.91889159,0.95503857,1.0092591,1.0996266,1.1177001,1.1177001,1.2442145,1.2803615,1.3165086,1.298435,1.334582,1.2803615,1.189994,1.0634795,0.97311205,0.84659761,0.72008313,0.61164214,0.48512767,0.41283368,0.3043927,0.21402522,0.17787823
1.8829763,-0.043536946,-0.084117599,-0.002956293,0.017334034,-0.002956293,-0.002956293,0.037624359,0.098495338,0.19994697,0.17965665,0.2202373,0.17965665,0.057914686,0.057914686,0.017334034,-0.043536946,-0.023246619,-0.043536946,-0.023246619,-0.002956293,-0.084117599,-0.063827272,-0.12469825,-0.063827272,-0.10440792,-0.12469825,-0.084117599,-0.12469825,-0.14498857,-0.12469825,-0.12469825,-0.10440792,0.017334034,-0.24644021,-0.97689197,-2.0928599,-2.7624407,-2.8841826,-2.5595374,-2.5392471,-2.3566341,-2.1740212,-1.8696663,-1.6464727,-1.3826985,-1.1189243,-0.81456934,-0.5507951,-0.32760151,-0.18556923,0.078205012,0.3825599,0.56517284,0.66662448,0.6869148,0.72749545,0.70720513,0.72749545,0.74778578,0.76807611,0.76807611,0.78836643,0.84923742,0.91010839,0.93039871,0.97097935,0.97097935,1.0521407,1.0927213,1.0927213,1.072431,1.1130116,1.1130116,1.0521407,1.01156,0.97097935,0.84923742,0.76807611,0.62604383,0.56517284,0.44343089
0.11049939,0.089027942,0.11049939,0.19638517,0.2607995,0.28227094,0.36815673,0.30374239,0.15344228,0.15344228,0.089027942,0.067556497,0.024613608,0.024613608,0.024613608,0.0031421629,0.0031421629,-0.061272172,-0.061272172,-0.1256865,-0.1256865,-0.061272172,-0.10421507,-0.1256865,-0.1256865,-0.1256865,-0.16862939,-0.19010084,-0.039800727,-0.10421507,-0.70541552,-1.8648736,-2.8310886,-2.9813887,-2.85256,-2.5734312,-2.3157738,-2.079588,-1.886345,-1.6286876,-1.3710303,-1.2207302,-0.89865852,-0.53364396,-0.31892951,-0.19010084,0.024613608,0.30374239,0.53992829,0.73317128,0.75464273,0.73317128,0.75464273,0.75464273,0.77611418,0.79758562,0.84052851,0.92641429,0.96935715,1.0123001,1.0337715,1.0981859,1.1626002,1.248486,1.248486,1.248486,1.248486,1.248486,1.1626002,1.0337715,0.90494284,0.77611418,0.66875695,0.4969854,0.36815673,0.28227094,0.21785662,0.11049939,0.046085053,0.0031421629,-0.039800727,-0.082743616
-0.25249268,-0.22981535,-0.25249268,-0.18446069,-0.20713802,-0.16178337,-0.13910604,-0.048396734,0.064989898,0.11034455,0.17837653,0.019635245,-0.0030420814,-0.025719408,-0.071074061,-0.093751387,-0.048396734,-0.048396734,-0.025719408,-0.025719408,-0.025719408,-0.025719408,-0.093751387,-0.048396734,0.019635245,-0.0030420814,-0.048396734,0.087667225,0.064989898,0.019635245,0.042312571,0.1556992,0.1556992,-0.5246206,-1.8172282,-2.6789666,-2.8150306,-2.7243213,-2.429516,-2.293452,-1.9986469,-1.8625828,-1.7265189,-1.5904549,-1.3410044,-0.93281247,-0.70603921,-0.50194327,-0.29784733,-0.16178337,0.22373119,0.56389108,0.74530969,0.79066435,0.74530969,0.836019,0.81334168,0.81334168,0.79066435,0.836019,0.836019,0.99476026,0.99476026,1.0627923,1.1081469,1.1308243,1.1988562,1.2442109,1.2442109,1.2215336,1.3122429,1.2215336,1.2215336,1.1081469,0.92672831,0.90405098,0.65460039,0.65460039,0.54121376,0.33711781,0.26908584,0.20105385
0.12273517,0.14212685,0.10334348,0.16151854,0.18091022,0.25847695,0.33604368,0.37482705,0.41361042,0.21969358,0.21969358,0.2003019,0.083951799,0.064560116,0.045168431,0.10334348,0.045168431,0.025776748,0.0063850641,-0.013006619,-0.071181671,-0.10996504,-0.090573354,-0.12935672,-0.14874841,-0.14874841,-0.16814009,-0.14874841,-0.032398303,-0.22631514,-0.90502407,-2.1848751,-3.0187176,-3.0187176,-2.9411508,-2.6502756,-2.1267001,-1.9327833,-1.7194748,-1.5061663,-1.2540744,-1.0407659,-0.69171555,-0.38144861,-0.16814009,-0.013006619,0.2003019,0.45239379,0.685094,0.76266073,0.8014441,0.82083578,0.84022746,0.84022746,0.89840251,0.97596922,1.0147526,1.053536,1.1311027,1.1504944,1.2086695,1.2086695,1.2474529,1.2862361,1.2474529,1.1698861,1.111711,0.99536097,0.84022746,0.685094,0.54935221,0.45239379,0.35543537,0.2003019,0.12273517,0.064560116,0.0063850641,-0.071181671,-0.10996504,-0.14874841,-0.14874841,-0.16814009
-0.19916547,-0.19916547,-0.19916547,-0.15848908,-0.17882728,-0.097474503,-0.056798122,0.024554647,0.04489284,0.065231031,-0.016121737,-0.077136314,-0.1178127,-0.13815089,-0.15848908,-0.15848908,-0.15848908,-0.1178127,-0.1178127,-0.1178127,-0.19916547,-0.19916547,-0.17882728,-0.19916547,-0.19916547,-0.19916547,-0.15848908,-0.15848908,-0.19916547,-0.17882728,-0.15848908,-0.056798122,-0.28051824,-0.97201682,-2.0906173,-2.7414395,-2.7414395,-2.4973811,-2.3956902,-2.1312938,-2.0499409,-1.7855445,-1.5821626,-1.3584425,-1.1143841,-0.76863485,-0.46356196,-0.30085643,-0.1178127,0.085569224,0.37030392,0.59402404,0.71605319,0.75672957,0.77706776,0.77706776,0.79740595,0.81774414,0.85842053,0.89909691,0.89909691,0.98044969,1.0007879,1.0821406,1.1024788,1.1634935,1.2041698,1.2448462,1.2855226,1.3058607,1.3058607,1.2651844,1.224508,1.1838316,1.1024788,0.9397733,0.87875872,0.73639138,0.69571499,0.59402404,0.51267126,0.45165668
-0.4917178,-0.45549061,-0.45549061,-0.43737701,-0.40114983,-0.32869545,-0.25624108,-0.22001389,-0.12944592,-0.11133233,-0.23812748,-0.25624108,-0.27435467,-0.31058186,-0.27435467,-0.34680904,-0.29246826,-0.31058186,-0.31058186,-0.32869545,-0.36492264,-0.34680904,-0.36492264,-0.34680904,-0.31058186,-0.31058186,-0.32869545,-0.36492264,-0.31058186,-0.14755951,-0.29246826,-1.0351256,-2.2125092,-2.6834626,-2.6472354,-2.6110083,-2.3393044,-1.8140101,-1.6509878,-1.4879654,-1.2524887,-1.017012,-0.79964888,-0.4736042,-0.22001389,-0.038877955,0.087917199,0.28716673,0.52264344,0.68566578,0.74000656,0.77623375,0.84868813,0.86680172,0.95736969,0.97548328,0.99359683,1.0841648,1.1385056,1.21096,1.2834144,1.3377552,1.3739824,1.4283231,1.4464367,1.4826639,1.4102095,1.3196415,1.2653008,1.1385056,0.99359683,0.9211425,0.83057453,0.74000656,0.631325,0.55887063,0.50452984,0.46830266,0.45018907,0.39584829,0.41396189,0.43207548
-0.13885114,-0.11908414,-0.05978313,-0.020249125,0.039051882,0.01928488,-0.00048212271,-0.11908414,-0.099317134,-0.13885114,-0.23768615,-0.19815215,-0.21791915,-0.19815215,-0.17838514,-0.19815215,-0.21791915,-0.27722015,-0.29698716,-0.25745316,-0.25745316,-0.25745316,-0.29698716,-0.23768615,-0.23768615,-0.27722015,-0.19815215,-0.13885114,-0.39582217,-1.1469683,-2.2539204,-2.7480955,-2.7876295,-2.5306585,-2.3329884,-2.0364833,-1.9178813,-1.7202113,-1.4434733,-1.2458033,-0.96906524,-0.6527932,-0.43535618,-0.21791915,-0.040016127,0.2169549,0.45415893,0.71112996,0.79019797,0.79019797,0.79019797,0.82973198,0.86926598,0.82973198,0.84949898,0.96810102,0.98786797,1.047169,1.10647,1.146004,1.205305,1.2843731,1.363441,1.402975,1.4227421,1.363441,1.323907,1.2448391,1.165771,1.027402,0.88903298,0.80996497,0.67159596,0.53322694,0.39485792,0.33555691,0.27625591,0.11811989,0.1971879,0.11811989,0.078585887,0.078585887
-0.077836548,-0.095323116,-0.077836548,-0.0078902802,0.079542556,0.16697539,0.20194853,0.21943509,0.079542556,0.097029119,0.062055989,0.044569421,-0.0078902802,-0.025376848,-0.025376848,0.027082854,0.0095962874,-0.0078902802,-0.077836548,-0.095323116,-0.077836548,-0.13029625,-0.13029625,-0.095323116,-0.13029625,-0.11280968,-0.18275595,-0.060349982,-0.042863414,-0.58494699,-1.7040873,-2.7707679,-3.0330664,-2.9631201,-2.8407142,-2.4560097,-1.9314127,-1.7740336,-1.5467082,-1.2669231,-1.0745709,-0.72483953,-0.48002759,-0.21772908,0.027082854,0.13200226,0.34184106,0.56916644,0.72654554,0.77900524,0.83146495,0.84895151,0.86643808,0.90141121,0.91889778,0.9713575,1.0413038,1.0762769,1.11125,1.1462232,1.2161694,1.2511425,1.2511425,1.2861157,1.2511425,1.1986828,1.0937634,0.98884408,0.88392464,0.76151867,0.60413957,0.4817336,0.3768142,0.30686793,0.20194853,0.14948882,0.097029119,0.062055989,0.027082854,0.027082854,0.027082854,0.0095962874
0.14033486,0.12076435,0.2186169,0.19904638,0.27732842,0.31646943,0.31646943,0.31646943,0.2381874,0.2186169,0.12076435,0.10119385,0.12076435,0.022911815,0.10119385,0.042482322,0.042482322,0.0033413067,-0.074940725,-0.055370218,-0.074940725,-0.074940725,-0.035799709,-0.094511235,-0.094511235,-0.11408174,-0.13365225,-0.074940725,-0.035799709,-0.23150479,-1.2491712,-2.5408247,-3.1083694,-3.0105169,-2.8343824,-2.7561003,-2.2472671,-1.9537095,-1.7188634,-1.4057353,-1.2491712,-0.85776105,-0.56420342,-0.40763936,-0.094511235,0.022911815,0.2381874,0.43389248,0.62959756,0.62959756,0.7078796,0.7078796,0.66873858,0.68830908,0.74702061,0.80573213,0.82530265,0.86444366,0.92315518,0.98186673,1.0601487,1.0405782,1.0797192,1.1580013,1.2167128,1.1971423,1.1580013,1.0797192,1.0014372,0.9427257,0.82530265,0.64916807,0.57088603,0.41432198,0.33603995,0.25775791,0.15990537,0.081623339,0.022911815,0.042482322,0.022911815,-0.016229201
0.12144691,0.14263552,0.079069689,0.16382413,0.18501274,0.16382413,0.20620134,0.22738996,0.26976717,0.26976717,0.31214439,0.35452161,0.16382413,0.14263552,0.057881079,0.01550386,-0.0056847497,0.036692469,-0.0056847497,0.036692469,0.079069689,-0.069250579,0.036692469,-0.026873359,-0.090439188,-0.11162779,-0.090439188,-0.11162779,-0.090439188,-0.15400501,-0.13281641,-0.048061969,0.01550386,-0.25994806,-1.0863039,-2.3364318,-2.9932787,-2.9720901,-2.6754496,-2.6118837,-2.2940546,-2.1245457,-1.8279052,-1.6160191,-1.3193785,-1.0651152,-0.85322914,-0.51421138,-0.23875946,-0.090439188,0.18501274,0.41808744,0.60878492,0.58759632,0.73591659,0.65116215,0.73591659,0.71472797,0.69353937,0.75710519,0.77829381,0.86304824,0.90542546,0.84185964,1.0325571,1.0749344,0.99017993,1.1173115,1.2656318,1.2232547,1.2232547,1.1596888,1.1173115,0.96899125,0.90542546,0.79948242,0.73591659,0.56640771,0.41808744,0.29095579,0.22738996,0.14263552
